Patient_ID,Age,Gender,Symptoms,Blood_Pressure,Sugar_Level,Cholesterol,Medical_History,Disease,Age_Group
P100001,64.0,Female,"abdominal pain, nausea, vomiting",141.0,108.0,212.0,Unknown,Gastroenteritis,61-75
P100002,33.0,Male,"body ache, fever, fatigue",131.0,92.0,230.0,Seasonal flu,Flu,31-45
P100003,18.0,Male,Unknown,104.0,91.0,158.0,Unknown,Healthy,18-30
P100004,18.0,Female,"dizziness, nausea, sensitivity to light",112.0,85.0,206.0,Family history of migraine,Migraine,18-30
P100005,70.0,Male,"frequent urination, blurred vision, increased thirst",157.0,188.0,184.0,Diabetes,Diabetes,61-75
P100006,39.0,Male,Unknown,135.0,82.0,197.0,Unknown,Healthy,31-45
P100007,33.0,Female,"dizziness, headache",129.0,132.0,158.0,Unknown,Migraine,31-45
P100008,74.0,Male,"diarrhea, fever, abdominal pain, nausea",131.0,149.0,170.0,Previous gastrointestinal infection,Gastroenteritis,61-75
P100009,68.0,Male,"fatigue, blurred vision",134.0,197.0,238.0,Unknown,Diabetes,61-75
P100010,46.0,Female,"fatigue, cough, sore throat, fever",107.0,135.0,175.0,Unknown,Flu,46-60
P100011,41.0,Male,"dizziness, shortness of breath, chest pain, fatigue",149.0,81.0,236.0,High cholesterol,Heart Disease,31-45
P100012,44.0,Male,Unknown,97.0,65.0,166.0,Unknown,Healthy,31-45
P100013,50.0,Male,"chest pain, shortness of breath",120.0,97.0,212.0,Asthma,Pneumonia,46-60
P100014,73.0,Female,"vomiting, abdominal pain",112.0,105.0,171.0,Unknown,Gastroenteritis,61-75
P100015,53.0,Male,"sore throat, body ache",115.0,99.0,190.0,Seasonal flu,Flu,46-60
P100016,58.0,Male,"fatigue, headache",152.0,78.0,232.0,Hypertension,Hypertension,46-60
P100017,66.0,Female,"cough, sore throat, body ache, fever",111.0,132.0,214.0,Unknown,Flu,61-75
P100018,26.0,Female,"frequent urination, blurred vision, fatigue",151.0,215.0,242.0,Diabetes,Diabetes,18-30
P100019,59.0,Female,"nausea, diarrhea",127.0,129.0,147.0,Previous gastrointestinal infection,Gastroenteritis,46-60
P100020,41.0,Male,"cough, fever, shortness of breath",150.0,126.0,217.0,Unknown,Pneumonia,31-45
P100021,18.0,Male,"headache, nausea",117.0,97.0,175.0,Family history of migraine,Migraine,18-30
P100022,18.0,Female,"dizziness, shortness of breath, chest pain",133.0,91.0,255.0,High cholesterol,Heart Disease,18-30
P100023,29.0,Female,Unknown,138.0,90.0,152.0,Unknown,Healthy,18-30
P100024,55.0,Male,Unknown,110.0,141.0,189.0,Unknown,Healthy,46-60
P100025,48.0,Female,"diarrhea, abdominal pain, vomiting, fever",116.0,90.0,250.0,Gastritis,Gastroenteritis,46-60
P100026,49.0,Male,"fatigue, headache",162.0,102.0,242.0,Family history of hypertension,Hypertension,46-60
P100027,79.0,Female,"cough, fatigue, body ache",110.0,134.0,186.0,Unknown,Flu,76+
P100028,24.0,Female,"frequent urination, blurred vision",138.0,193.0,215.0,Unknown,Diabetes,18-30
P100029,46.0,Male,"dizziness, headache",159.0,93.0,203.0,Hypertension,Hypertension,46-60
P100030,51.0,Female,"headache, dizziness",143.0,95.0,231.0,Family history of migraine,Migraine,46-60
P100031,33.0,Female,"sensitivity to light, headache, nausea, dizziness",134.0,85.0,200.0,Unknown,Migraine,31-45
P100032,46.0,Male,Unknown,134.0,94.0,153.0,Unknown,Healthy,46-60
P100033,19.0,Male,"dizziness, chest pain, fatigue",140.0,134.0,225.0,Heart disease,Heart Disease,18-30
P100034,70.0,Female,"fatigue, chest pain",138.0,105.0,260.0,Heart disease,Heart Disease,61-75
P100035,34.0,Male,"sore throat, body ache, cough",149.0,122.0,210.0,Seasonal flu,Flu,31-45
P100036,81.0,Male,"headache, dizziness",136.0,122.0,218.0,Unknown,Hypertension,76+
P100037,45.0,Male,"increased thirst, blurred vision, frequent urination",112.0,223.0,252.0,Family history of diabetes,Diabetes,31-45
P100038,63.0,Female,"body ache, fever",132.0,113.0,191.0,Unknown,Flu,61-75
P100039,45.0,Male,"dizziness, fatigue",174.0,109.0,216.0,Hypertension,Hypertension,31-45
P100040,45.0,Female,"chest pain, fever",129.0,116.0,182.0,Asthma,Pneumonia,31-45
P100041,36.0,Male,"cough, body ache",133.0,91.0,230.0,Unknown,Flu,31-45
P100042,48.0,Male,"vomiting, abdominal pain, fever, diarrhea",91.0,65.0,155.0,Unknown,Gastroenteritis,46-60
P100043,51.0,Female,"dizziness, sensitivity to light, nausea",118.0,95.0,179.0,Family history of migraine,Migraine,46-60
P100044,33.0,Male,"shortness of breath, fatigue, dizziness",118.0,107.0,275.0,High cholesterol,Heart Disease,31-45
P100045,44.0,Male,"abdominal pain, fever",129.0,65.0,193.0,Gastritis,Gastroenteritis,31-45
P100046,36.0,Male,"abdominal pain, vomiting",95.0,93.0,167.0,Unknown,Gastroenteritis,31-45
P100047,85.0,Female,"dizziness, chest pain",135.0,81.0,286.0,Family history of heart disease,Heart Disease,76+
P100048,44.0,Male,"dizziness, fatigue, headache",158.0,103.0,262.0,Hypertension,Hypertension,31-45
P100049,72.0,Male,"dizziness, nausea, headache",144.0,111.0,208.0,Family history of migraine,Migraine,61-75
P100050,43.0,Male,"fatigue, increased thirst",129.0,174.0,210.0,Family history of diabetes,Diabetes,31-45
P100051,50.0,Male,"headache, dizziness, fatigue",160.0,103.0,228.0,Unknown,Hypertension,46-60
P100052,24.0,Male,"fatigue, increased thirst, blurred vision, frequent urination",136.0,165.0,228.0,Unknown,Diabetes,18-30
P100053,38.0,Female,"vomiting, abdominal pain, nausea",114.0,78.0,155.0,Gastritis,Gastroenteritis,31-45
P100054,50.0,Male,"cough, chest pain",112.0,104.0,226.0,Asthma,Pneumonia,46-60
P100055,73.0,Male,Unknown,137.0,107.0,241.0,Unknown,Migraine,61-75
P100056,50.0,Female,"nausea, fever, vomiting",127.0,78.0,183.0,Gastritis,Gastroenteritis,46-60
P100057,70.0,Female,"sore throat, fatigue, fever, cough",138.0,113.0,204.0,Seasonal flu,Flu,61-75
P100058,57.0,Male,"body ache, sore throat",128.0,110.0,221.0,Unknown,Flu,46-60
P100059,74.0,Male,"increased thirst, frequent urination",121.0,176.0,278.0,Family history of diabetes,Diabetes,61-75
P100060,45.0,Male,"fatigue, frequent urination, increased thirst",142.0,225.0,262.0,Diabetes,Diabetes,31-45
P100061,85.0,Female,"chest pain, shortness of breath, fever",133.0,110.0,159.0,Previous respiratory infection,Pneumonia,76+
P100062,38.0,Male,"fatigue, fever",113.0,93.0,181.0,Seasonal flu,Flu,31-45
P100063,33.0,Male,"body ache, fatigue, fever, sore throat",115.0,89.0,200.0,Seasonal flu,Flu,31-45
P100064,25.0,Male,"headache, sensitivity to light",111.0,73.0,179.0,Family history of migraine,Migraine,18-30
P100065,85.0,Male,"shortness of breath, chest pain, fever, cough",146.0,128.0,244.0,Unknown,Pneumonia,76+
P100066,46.0,Male,"fatigue, sore throat, body ache, fever",104.0,90.0,232.0,Unknown,Flu,46-60
P100067,40.0,Male,"sore throat, cough",106.0,87.0,169.0,Unknown,Flu,31-45
P100068,67.0,Female,"dizziness, shortness of breath, chest pain, fatigue",145.0,110.0,256.0,High cholesterol,Heart Disease,61-75
P100069,58.0,Female,"frequent urination, blurred vision",157.0,154.0,210.0,Unknown,Diabetes,46-60
P100070,79.0,Female,"body ache, fatigue, fever",142.0,71.0,192.0,Seasonal flu,Flu,76+
P100071,20.0,Female,"dizziness, fatigue",124.0,95.0,228.0,Hypertension,Hypertension,18-30
P100072,41.0,Male,"dizziness, fatigue",164.0,134.0,277.0,Heart disease,Heart Disease,31-45
P100073,38.0,Female,Unknown,134.0,95.0,155.0,Unknown,Healthy,31-45
P100074,18.0,Female,"dizziness, fatigue, headache",130.0,139.0,170.0,Hypertension,Hypertension,18-30
P100075,64.0,Female,"increased thirst, fatigue",100.0,193.0,190.0,Diabetes,Diabetes,61-75
P100076,41.0,Female,"dizziness, headache",149.0,122.0,213.0,Hypertension,Hypertension,31-45
P100077,59.0,Male,"dizziness, shortness of breath",164.0,161.0,242.0,Hypertension,Heart Disease,46-60
P100078,85.0,Male,"fever, cough, shortness of breath, chest pain",155.0,111.0,205.0,Previous respiratory infection,Pneumonia,76+
P100079,40.0,Male,"fever, fatigue",108.0,101.0,163.0,Unknown,Flu,31-45
P100080,39.0,Male,"vomiting, fever, diarrhea, nausea",141.0,95.0,158.0,Previous gastrointestinal infection,Gastroenteritis,31-45
P100081,48.0,Male,"cough, chest pain, fever, shortness of breath",95.0,138.0,171.0,Unknown,Pneumonia,46-60
P100082,63.0,Male,"chest pain, fatigue",144.0,121.0,232.0,High cholesterol,Heart Disease,61-75
P100083,36.0,Male,"fever, diarrhea",111.0,80.0,173.0,Unknown,Gastroenteritis,31-45
P100084,35.0,Female,"fatigue, headache, dizziness",165.0,121.0,222.0,Hypertension,Hypertension,31-45
P100085,64.0,Female,"fatigue, frequent urination",154.0,159.0,245.0,Family history of diabetes,Diabetes,61-75
P100086,52.0,Female,"increased thirst, blurred vision, frequent urination",147.0,185.0,203.0,Diabetes,Diabetes,46-60
P100087,18.0,Male,"nausea, dizziness",100.0,101.0,181.0,Unknown,Migraine,18-30
P100088,25.0,Female,"body ache, cough, fatigue",129.0,92.0,173.0,Unknown,Flu,18-30
P100089,72.0,Female,"fatigue, headache, dizziness",163.0,130.0,263.0,Family history of hypertension,Hypertension,61-75
P100090,53.0,Female,"sore throat, fever, cough, body ache",99.0,70.0,188.0,Seasonal flu,Flu,46-60
P100091,33.0,Female,"fatigue, dizziness",120.0,112.0,261.0,Family history of hypertension,Hypertension,31-45
P100092,43.0,Male,"headache, nausea",138.0,88.0,167.0,Migraine,Migraine,31-45
P100093,46.0,Male,"fatigue, sore throat",119.0,164.0,189.0,Unknown,Flu,46-60
P100094,59.0,Female,"dizziness, chest pain, fatigue",131.0,123.0,244.0,High cholesterol,Heart Disease,46-60
P100095,23.0,Female,"dizziness, chest pain",139.0,97.0,221.0,Hypertension,Heart Disease,18-30
P100096,32.0,Male,"chest pain, fever",129.0,69.0,189.0,Unknown,Pneumonia,31-45
P100097,51.0,Male,Unknown,146.0,146.0,298.0,Heart disease,Heart Disease,46-60
P100098,44.0,Male,"blurred vision, fatigue",110.0,164.0,204.0,Unknown,Diabetes,31-45
P100099,56.0,Male,"blurred vision, frequent urination",160.0,157.0,224.0,Unknown,Diabetes,46-60
P100100,25.0,Female,Unknown,126.0,94.0,143.0,Unknown,Healthy,18-30
P100101,52.0,Female,Unknown,113.0,108.0,144.0,Unknown,Healthy,46-60
P100102,65.0,Male,"headache, sensitivity to light, dizziness",123.0,118.0,180.0,Migraine,Migraine,61-75
P100103,54.0,Male,"dizziness, headache",158.0,114.0,229.0,Unknown,Hypertension,46-60
P100104,48.0,Male,Unknown,101.0,96.0,169.0,Unknown,Healthy,46-60
P100105,44.0,Male,"vomiting, fever, abdominal pain",122.0,102.0,182.0,Unknown,Gastroenteritis,31-45
P100106,32.0,Female,"headache, dizziness, sensitivity to light",103.0,103.0,153.0,Unknown,Migraine,31-45
P100107,45.0,Female,"sore throat, body ache",129.0,110.0,175.0,Unknown,Flu,31-45
P100108,67.0,Female,"headache, dizziness",139.0,141.0,254.0,Family history of hypertension,Hypertension,61-75
P100109,44.0,Male,"fatigue, increased thirst",116.0,173.0,192.0,Family history of diabetes,Diabetes,31-45
P100110,31.0,Female,Unknown,137.0,71.0,167.0,Unknown,Healthy,31-45
P100111,38.0,Female,"fatigue, fever, body ache, sore throat",121.0,96.0,196.0,Unknown,Flu,31-45
P100112,49.0,Male,"fatigue, headache",155.0,129.0,220.0,Hypertension,Hypertension,46-60
P100113,40.0,Female,"shortness of breath, dizziness",117.0,75.0,262.0,Heart disease,Heart Disease,31-45
P100114,54.0,Female,"fever, shortness of breath, cough",119.0,66.0,158.0,Asthma,Pneumonia,46-60
P100115,55.0,Female,"headache, dizziness, fatigue",159.0,134.0,261.0,Family history of hypertension,Hypertension,46-60
P100116,61.0,Male,Unknown,122.0,129.0,190.0,Unknown,Healthy,61-75
P100117,70.0,Male,"sensitivity to light, headache, nausea, dizziness",98.0,77.0,201.0,Unknown,Migraine,61-75
P100118,63.0,Male,"sensitivity to light, dizziness",130.0,106.0,226.0,Migraine,Migraine,61-75
P100119,30.0,Male,"cough, body ache",123.0,88.0,179.0,Unknown,Flu,18-30
P100120,31.0,Male,"shortness of breath, chest pain, cough",141.0,94.0,175.0,Asthma,Pneumonia,31-45
P100121,45.0,Female,"shortness of breath, chest pain",117.0,110.0,226.0,Asthma,Pneumonia,31-45
P100122,38.0,Male,"fever, shortness of breath, cough, chest pain",93.0,73.0,236.0,Unknown,Pneumonia,31-45
P100123,27.0,Male,"increased thirst, blurred vision, fatigue, frequent urination",115.0,143.0,205.0,Diabetes,Diabetes,18-30
P100124,38.0,Female,"cough, body ache, fever",104.0,93.0,186.0,Seasonal flu,Flu,31-45
P100125,38.0,Male,"increased thirst, frequent urination, fatigue, blurred vision",141.0,167.0,249.0,Unknown,Diabetes,31-45
P100126,35.0,Male,"body ache, fever",90.0,74.0,186.0,Seasonal flu,Flu,31-45
P100127,41.0,Female,"chest pain, dizziness, fatigue, shortness of breath",139.0,132.0,268.0,Hypertension,Heart Disease,31-45
P100128,66.0,Male,"frequent urination, fatigue, blurred vision, increased thirst",156.0,168.0,248.0,Family history of diabetes,Diabetes,61-75
P100129,49.0,Male,"fatigue, frequent urination, increased thirst, blurred vision",133.0,164.0,212.0,Unknown,Diabetes,46-60
P100130,46.0,Female,"fever, shortness of breath",146.0,119.0,211.0,Unknown,Pneumonia,46-60
P100131,49.0,Male,"dizziness, fatigue, headache",129.0,109.0,239.0,Unknown,Hypertension,46-60
P100132,41.0,Male,Unknown,93.0,109.0,148.0,Unknown,Healthy,31-45
P100133,46.0,Male,"shortness of breath, cough, fever, chest pain",146.0,83.0,169.0,Asthma,Pneumonia,46-60
P100134,50.0,Female,"dizziness, fatigue",148.0,87.0,240.0,High cholesterol,Heart Disease,46-60
P100135,53.0,Male,"shortness of breath, chest pain, cough",129.0,98.0,217.0,Unknown,Pneumonia,46-60
P100136,81.0,Female,"fatigue, frequent urination, increased thirst",123.0,182.0,255.0,Diabetes,Diabetes,76+
P100137,32.0,Male,Unknown,115.0,65.0,193.0,Unknown,Healthy,31-45
P100138,61.0,Female,"sore throat, fatigue, cough, body ache",108.0,74.0,204.0,Unknown,Flu,61-75
P100139,50.0,Male,"diarrhea, vomiting",136.0,102.0,199.0,Previous gastrointestinal infection,Gastroenteritis,46-60
P100140,19.0,Male,"increased thirst, fatigue, blurred vision, frequent urination",166.0,149.0,226.0,Diabetes,Diabetes,18-30
P100141,59.0,Female,"sore throat, body ache",130.0,73.0,203.0,Seasonal flu,Flu,46-60
P100142,68.0,Female,"fatigue, body ache, cough",116.0,128.0,206.0,Unknown,Flu,61-75
P100143,31.0,Male,Unknown,90.0,75.0,141.0,Unknown,Healthy,31-45
P100144,46.0,Male,"chest pain, fever",103.0,129.0,174.0,Unknown,Pneumonia,46-60
P100145,18.0,Male,"body ache, cough, fatigue",138.0,95.0,160.0,Unknown,Flu,18-30
P100146,25.0,Male,"headache, fatigue",133.0,112.0,261.0,Unknown,Hypertension,18-30
P100147,64.0,Female,"fatigue, dizziness, shortness of breath, chest pain",144.0,116.0,298.0,Family history of heart disease,Heart Disease,61-75
P100148,38.0,Male,"fever, fatigue",129.0,65.0,137.0,Seasonal flu,Flu,31-45
P100149,27.0,Male,"fever, sore throat, cough, body ache",139.0,71.0,224.0,Seasonal flu,Flu,18-30
P100150,50.0,Male,"frequent urination, fatigue",130.0,170.0,228.0,Unknown,Diabetes,46-60
P100151,37.0,Male,"nausea, vomiting, diarrhea, abdominal pain",111.0,103.0,211.0,Previous gastrointestinal infection,Gastroenteritis,31-45
P100152,38.0,Male,Unknown,116.0,65.0,189.0,Unknown,Healthy,31-45
P100153,59.0,Male,"blurred vision, frequent urination, fatigue",126.0,174.0,262.0,Diabetes,Diabetes,46-60
P100154,26.0,Male,"cough, fatigue",110.0,72.0,191.0,Unknown,Flu,18-30
P100155,31.0,Female,"increased thirst, frequent urination",135.0,174.0,189.0,Diabetes,Diabetes,31-45
P100156,49.0,Male,"headache, sensitivity to light",127.0,100.0,193.0,Family history of migraine,Migraine,46-60
P100157,62.0,Female,"dizziness, headache",184.0,132.0,207.0,Family history of hypertension,Hypertension,61-75
P100158,67.0,Male,"chest pain, fever",136.0,132.0,192.0,Previous respiratory infection,Pneumonia,61-75
P100159,35.0,Male,"nausea, sensitivity to light, headache",138.0,107.0,209.0,Unknown,Migraine,31-45
P100160,62.0,Male,"nausea, dizziness, headache",112.0,122.0,197.0,Unknown,Migraine,61-75
P100161,33.0,Male,"fatigue, increased thirst, blurred vision, frequent urination",137.0,161.0,208.0,Family history of diabetes,Diabetes,31-45
P100162,77.0,Female,Unknown,112.0,162.0,158.0,Unknown,Healthy,76+
P100163,27.0,Female,"headache, fatigue",153.0,80.0,225.0,Family history of hypertension,Hypertension,18-30
P100164,69.0,Female,"blurred vision, frequent urination, fatigue",146.0,166.0,235.0,Diabetes,Diabetes,61-75
P100165,35.0,Female,"sore throat, fever",120.0,118.0,141.0,Unknown,Flu,31-45
P100166,80.0,Male,"dizziness, fatigue, shortness of breath",186.0,141.0,243.0,Heart disease,Heart Disease,76+
P100167,56.0,Male,"fever, abdominal pain, vomiting, diarrhea",140.0,110.0,142.0,Gastritis,Gastroenteritis,46-60
P100168,29.0,Female,"nausea, vomiting, fever, abdominal pain",132.0,108.0,170.0,Previous gastrointestinal infection,Gastroenteritis,18-30
P100169,37.0,Male,"shortness of breath, fatigue",155.0,68.0,282.0,High cholesterol,Heart Disease,31-45
P100170,59.0,Male,Unknown,143.0,130.0,152.0,Unknown,Healthy,46-60
P100171,64.0,Female,"fatigue, dizziness, chest pain, shortness of breath",129.0,116.0,276.0,Family history of heart disease,Heart Disease,61-75
P100172,45.0,Female,"sore throat, body ache, fever",140.0,128.0,258.0,Unknown,Flu,31-45
P100173,47.0,Female,"fatigue, headache, dizziness",137.0,108.0,273.0,Family history of hypertension,Hypertension,46-60
P100174,59.0,Male,Unknown,111.0,101.0,184.0,Unknown,Healthy,46-60
P100175,48.0,Female,"fatigue, dizziness, headache",159.0,99.0,259.0,Unknown,Hypertension,46-60
P100176,24.0,Male,"frequent urination, fatigue, blurred vision, increased thirst",145.0,179.0,188.0,Unknown,Diabetes,18-30
P100177,32.0,Male,"fever, sore throat",103.0,105.0,150.0,Seasonal flu,Flu,31-45
P100178,50.0,Male,Unknown,110.0,101.0,180.0,Unknown,Healthy,46-60
P100179,67.0,Female,Unknown,121.0,74.0,192.0,Unknown,Healthy,61-75
P100180,73.0,Female,"sensitivity to light, nausea, dizziness, headache",126.0,105.0,227.0,Unknown,Migraine,61-75
P100181,59.0,Female,Unknown,130.0,92.0,167.0,Unknown,Healthy,46-60
P100182,51.0,Male,Unknown,165.0,104.0,184.0,Unknown,Healthy,46-60
P100183,59.0,Male,"body ache, sore throat, cough, fever",129.0,126.0,197.0,Seasonal flu,Flu,46-60
P100184,35.0,Male,"chest pain, fatigue, shortness of breath, dizziness",134.0,117.0,250.0,Hypertension,Heart Disease,31-45
P100185,43.0,Female,"fever, vomiting",99.0,68.0,186.0,Unknown,Gastroenteritis,31-45
P100186,32.0,Male,"fever, shortness of breath, cough, chest pain",119.0,102.0,170.0,Asthma,Pneumonia,31-45
P100187,25.0,Male,"fatigue, shortness of breath",129.0,168.0,258.0,Heart disease,Heart Disease,18-30
P100188,52.0,Female,"blurred vision, frequent urination",140.0,210.0,231.0,Unknown,Diabetes,46-60
P100189,49.0,Male,"headache, dizziness, sensitivity to light",131.0,65.0,185.0,Family history of migraine,Migraine,46-60
P100190,58.0,Female,"fatigue, headache",147.0,116.0,257.0,Family history of hypertension,Hypertension,46-60
P100191,55.0,Male,Unknown,146.0,115.0,205.0,Unknown,Healthy,46-60
P100192,50.0,Female,"fatigue, headache",142.0,108.0,255.0,Unknown,Hypertension,46-60
P100193,55.0,Male,"fatigue, increased thirst",132.0,164.0,202.0,Diabetes,Diabetes,46-60
P100194,45.0,Male,"vomiting, diarrhea",127.0,91.0,190.0,Previous gastrointestinal infection,Gastroenteritis,31-45
P100195,53.0,Male,"dizziness, headache, fatigue",165.0,125.0,218.0,Family history of hypertension,Hypertension,46-60
P100196,34.0,Male,"headache, dizziness, fatigue",167.0,83.0,238.0,Hypertension,Hypertension,31-45
P100197,52.0,Female,"fever, shortness of breath, cough",133.0,131.0,173.0,Asthma,Pneumonia,46-60
P100198,57.0,Male,Unknown,133.0,94.0,211.0,Unknown,Healthy,46-60
P100199,35.0,Male,"fatigue, dizziness, headache",140.0,108.0,255.0,Hypertension,Hypertension,31-45
P100200,47.0,Female,"chest pain, dizziness",159.0,141.0,283.0,High cholesterol,Heart Disease,46-60
P100201,35.0,Male,"vomiting, abdominal pain",129.0,65.0,211.0,Unknown,Gastroenteritis,31-45
P100202,37.0,Female,Unknown,136.0,78.0,170.0,Unknown,Healthy,31-45
P100203,27.0,Female,Unknown,94.0,108.0,176.0,Seasonal flu,Flu,18-30
P100204,68.0,Male,"fatigue, frequent urination",123.0,225.0,271.0,Diabetes,Diabetes,61-75
P100205,64.0,Female,"blurred vision, fatigue",147.0,162.0,225.0,Family history of diabetes,Diabetes,61-75
P100206,55.0,Male,"fatigue, headache, dizziness",116.0,66.0,207.0,Family history of hypertension,Hypertension,46-60
P100207,80.0,Male,"frequent urination, blurred vision",145.0,168.0,256.0,Unknown,Diabetes,76+
P100208,43.0,Male,"nausea, dizziness, sensitivity to light",138.0,109.0,198.0,Migraine,Migraine,31-45
P100209,85.0,Female,"increased thirst, frequent urination",131.0,199.0,269.0,Family history of diabetes,Diabetes,76+
P100210,42.0,Female,"sore throat, body ache",114.0,150.0,195.0,Seasonal flu,Flu,31-45
P100211,50.0,Male,"dizziness, headache, sensitivity to light",110.0,131.0,196.0,Migraine,Migraine,46-60
P100212,39.0,Female,"shortness of breath, cough, fever, chest pain",118.0,106.0,228.0,Previous respiratory infection,Pneumonia,31-45
P100213,52.0,Male,"dizziness, headache, fatigue",145.0,93.0,202.0,Unknown,Hypertension,46-60
P100214,60.0,Female,"fever, nausea, abdominal pain, diarrhea",111.0,136.0,177.0,Gastritis,Gastroenteritis,46-60
P100215,44.0,Female,"sensitivity to light, dizziness, headache",113.0,91.0,174.0,Unknown,Migraine,31-45
P100216,76.0,Female,"sensitivity to light, nausea, headache",126.0,92.0,149.0,Unknown,Migraine,76+
P100217,50.0,Female,"blurred vision, fatigue",129.0,164.0,247.0,Unknown,Diabetes,46-60
P100218,51.0,Female,"increased thirst, blurred vision, fatigue, frequent urination",159.0,146.0,213.0,Unknown,Diabetes,46-60
P100219,31.0,Male,Unknown,108.0,78.0,197.0,Unknown,Healthy,31-45
P100220,53.0,Female,"shortness of breath, dizziness",152.0,113.0,266.0,Heart disease,Heart Disease,46-60
P100221,44.0,Female,"shortness of breath, chest pain, dizziness, fatigue",138.0,132.0,269.0,High cholesterol,Heart Disease,31-45
P100222,36.0,Female,"fever, sore throat",111.0,90.0,177.0,Unknown,Flu,31-45
P100223,33.0,Male,"fever, cough, chest pain, shortness of breath",100.0,72.0,172.0,Asthma,Pneumonia,31-45
P100224,85.0,Female,Unknown,101.0,67.0,188.0,Unknown,Healthy,76+
P100225,42.0,Male,"dizziness, headache, fatigue",134.0,115.0,259.0,Family history of hypertension,Hypertension,31-45
P100226,21.0,Male,Unknown,114.0,88.0,172.0,Unknown,Healthy,18-30
P100227,34.0,Female,"frequent urination, increased thirst, fatigue, blurred vision",145.0,157.0,206.0,Unknown,Diabetes,31-45
P100228,45.0,Male,"fatigue, cough",96.0,91.0,161.0,Seasonal flu,Flu,31-45
P100229,55.0,Female,"cough, chest pain",120.0,114.0,200.0,Unknown,Pneumonia,46-60
P100230,55.0,Male,"fatigue, blurred vision, frequent urination, increased thirst",115.0,205.0,214.0,Diabetes,Diabetes,46-60
P100231,58.0,Female,"frequent urination, fatigue, increased thirst, blurred vision",131.0,158.0,226.0,Unknown,Diabetes,46-60
P100232,35.0,Female,"sore throat, body ache, fatigue, fever",134.0,100.0,182.0,Seasonal flu,Flu,31-45
P100233,52.0,Male,Unknown,111.0,115.0,169.0,Unknown,Healthy,46-60
P100234,31.0,Female,"cough, chest pain, fever",123.0,82.0,197.0,Asthma,Pneumonia,31-45
P100235,35.0,Male,Unknown,135.0,89.0,189.0,Unknown,Healthy,31-45
P100236,30.0,Female,"fever, abdominal pain, vomiting, nausea",122.0,92.0,232.0,Unknown,Gastroenteritis,18-30
P100237,26.0,Female,"body ache, fever, sore throat, cough",107.0,67.0,204.0,Seasonal flu,Flu,18-30
P100238,64.0,Male,"abdominal pain, nausea",124.0,105.0,230.0,Gastritis,Gastroenteritis,61-75
P100239,58.0,Female,"fatigue, frequent urination",123.0,176.0,208.0,Unknown,Diabetes,46-60
P100240,63.0,Male,"frequent urination, blurred vision",141.0,189.0,190.0,Diabetes,Diabetes,61-75
P100241,47.0,Female,"nausea, vomiting",126.0,71.0,188.0,Previous gastrointestinal infection,Gastroenteritis,46-60
P100242,59.0,Female,"abdominal pain, fever, nausea",101.0,101.0,211.0,Unknown,Gastroenteritis,46-60
P100243,18.0,Male,"fatigue, dizziness, headache",149.0,135.0,249.0,Family history of hypertension,Hypertension,18-30
P100244,61.0,Female,"cough, fatigue, body ache, fever",122.0,151.0,222.0,Unknown,Flu,61-75
P100245,49.0,Male,"cough, chest pain, shortness of breath",134.0,132.0,133.0,Unknown,Pneumonia,46-60
P100246,57.0,Male,Unknown,130.0,69.0,210.0,Unknown,Healthy,46-60
P100247,52.0,Female,"shortness of breath, cough",134.0,115.0,202.0,Asthma,Pneumonia,46-60
P100248,29.0,Male,"fever, body ache, cough",114.0,86.0,150.0,Seasonal flu,Flu,18-30
P100249,21.0,Female,"dizziness, fatigue, shortness of breath",155.0,116.0,268.0,High cholesterol,Heart Disease,18-30
P100250,34.0,Male,"fatigue, body ache, cough, sore throat",107.0,81.0,192.0,Seasonal flu,Flu,31-45
P100251,56.0,Female,"shortness of breath, fever, chest pain, cough",109.0,68.0,204.0,Previous respiratory infection,Pneumonia,46-60
P100252,58.0,Female,Unknown,90.0,88.0,205.0,Unknown,Healthy,46-60
P100253,23.0,Male,"fever, body ache, sore throat",116.0,111.0,196.0,Seasonal flu,Flu,18-30
P100254,29.0,Male,"headache, fatigue",137.0,113.0,199.0,Hypertension,Hypertension,18-30
P100255,34.0,Male,"headache, dizziness",155.0,117.0,232.0,Family history of hypertension,Hypertension,31-45
P100256,40.0,Female,Unknown,96.0,103.0,155.0,Family history of migraine,Migraine,31-45
P100257,23.0,Male,"nausea, diarrhea, vomiting, abdominal pain",105.0,100.0,199.0,Previous gastrointestinal infection,Gastroenteritis,18-30
P100258,22.0,Male,"increased thirst, fatigue, blurred vision",134.0,178.0,254.0,Unknown,Diabetes,18-30
P100259,32.0,Female,"increased thirst, blurred vision",115.0,163.0,193.0,Family history of diabetes,Diabetes,31-45
P100260,47.0,Male,"fever, cough",132.0,105.0,177.0,Previous respiratory infection,Pneumonia,46-60
P100261,26.0,Male,"blurred vision, frequent urination, increased thirst",121.0,206.0,200.0,Family history of diabetes,Diabetes,18-30
P100262,44.0,Male,"nausea, fever, diarrhea, abdominal pain",117.0,100.0,177.0,Previous gastrointestinal infection,Gastroenteritis,31-45
P100263,64.0,Male,"dizziness, chest pain",158.0,122.0,269.0,Family history of heart disease,Heart Disease,61-75
P100264,24.0,Female,"blurred vision, increased thirst, frequent urination",142.0,169.0,210.0,Family history of diabetes,Diabetes,18-30
P100265,42.0,Female,Unknown,117.0,86.0,193.0,Unknown,Healthy,31-45
P100266,63.0,Female,"fatigue, dizziness",143.0,106.0,267.0,Unknown,Hypertension,61-75
P100267,39.0,Female,"dizziness, fatigue, headache",144.0,114.0,263.0,Unknown,Hypertension,31-45
P100268,36.0,Male,"headache, dizziness",158.0,98.0,209.0,Family history of hypertension,Hypertension,31-45
P100269,66.0,Male,"fatigue, increased thirst",121.0,174.0,262.0,Unknown,Diabetes,61-75
P100270,41.0,Female,"blurred vision, frequent urination, fatigue, increased thirst",129.0,154.0,259.0,Unknown,Diabetes,31-45
P100271,65.0,Female,"frequent urination, fatigue, blurred vision, increased thirst",130.0,179.0,266.0,Unknown,Diabetes,61-75
P100272,53.0,Female,"headache, dizziness, fatigue",151.0,126.0,236.0,Unknown,Hypertension,46-60
P100273,40.0,Male,"fatigue, blurred vision",117.0,166.0,206.0,Family history of diabetes,Diabetes,31-45
P100274,54.0,Female,"shortness of breath, cough, fever",102.0,65.0,171.0,Unknown,Pneumonia,46-60
P100275,51.0,Female,"sensitivity to light, headache, dizziness",132.0,113.0,170.0,Migraine,Migraine,46-60
P100276,63.0,Female,"shortness of breath, fatigue",163.0,123.0,259.0,Hypertension,Heart Disease,61-75
P100277,37.0,Female,"dizziness, shortness of breath, chest pain",119.0,92.0,274.0,Hypertension,Heart Disease,31-45
P100278,47.0,Male,"fatigue, sore throat, body ache, cough",127.0,119.0,222.0,Unknown,Flu,46-60
P100279,46.0,Male,Unknown,131.0,65.0,166.0,Unknown,Healthy,46-60
P100280,58.0,Male,Unknown,127.0,118.0,180.0,Unknown,Healthy,46-60
P100281,29.0,Male,"fatigue, frequent urination",123.0,167.0,219.0,Family history of diabetes,Diabetes,18-30
P100282,63.0,Female,"fatigue, headache",141.0,66.0,226.0,Unknown,Hypertension,61-75
P100283,54.0,Male,"fatigue, headache",154.0,117.0,257.0,Family history of hypertension,Hypertension,46-60
P100284,24.0,Male,"dizziness, headache",129.0,97.0,243.0,Unknown,Hypertension,18-30
P100285,67.0,Male,"fever, shortness of breath",131.0,96.0,201.0,Previous respiratory infection,Pneumonia,61-75
P100286,84.0,Female,"sore throat, fatigue, body ache, cough",125.0,95.0,206.0,Unknown,Flu,76+
P100287,63.0,Female,"increased thirst, fatigue, frequent urination",120.0,174.0,243.0,Diabetes,Diabetes,61-75
P100288,70.0,Male,"shortness of breath, chest pain, fatigue",156.0,112.0,275.0,Hypertension,Heart Disease,61-75
P100289,47.0,Female,"fever, fatigue, cough, sore throat",128.0,65.0,170.0,Seasonal flu,Flu,46-60
P100290,18.0,Male,"blurred vision, increased thirst, fatigue",130.0,193.0,241.0,Family history of diabetes,Diabetes,18-30
P100291,18.0,Male,"diarrhea, nausea",115.0,85.0,189.0,Gastritis,Gastroenteritis,18-30
P100292,50.0,Male,"frequent urination, blurred vision, increased thirst",156.0,157.0,216.0,Unknown,Diabetes,46-60
P100293,36.0,Female,Unknown,106.0,65.0,182.0,Unknown,Healthy,31-45
P100294,30.0,Female,"blurred vision, frequent urination, increased thirst, fatigue",147.0,185.0,230.0,Family history of diabetes,Diabetes,18-30
P100295,45.0,Female,"vomiting, abdominal pain, diarrhea, fever",108.0,68.0,214.0,Unknown,Gastroenteritis,31-45
P100296,56.0,Male,Unknown,134.0,98.0,155.0,Unknown,Healthy,46-60
P100297,21.0,Female,Unknown,129.0,73.0,205.0,Unknown,Healthy,18-30
P100298,38.0,Female,"fever, nausea, vomiting",113.0,84.0,187.0,Unknown,Gastroenteritis,31-45
P100299,72.0,Male,"abdominal pain, vomiting, diarrhea, nausea",146.0,79.0,181.0,Previous gastrointestinal infection,Gastroenteritis,61-75
P100300,28.0,Male,"shortness of breath, fever",130.0,85.0,177.0,Asthma,Pneumonia,18-30
P100301,61.0,Male,"nausea, abdominal pain, vomiting, diarrhea",109.0,101.0,167.0,Unknown,Gastroenteritis,61-75
P100302,38.0,Female,"frequent urination, increased thirst, fatigue, blurred vision",126.0,175.0,182.0,Family history of diabetes,Diabetes,31-45
P100303,55.0,Male,"body ache, cough",139.0,86.0,208.0,Seasonal flu,Flu,46-60
P100304,65.0,Male,"sore throat, fever",138.0,104.0,242.0,Seasonal flu,Flu,61-75
P100305,59.0,Female,Unknown,104.0,115.0,142.0,Unknown,Healthy,46-60
P100306,61.0,Female,"sore throat, fatigue, fever, body ache",122.0,68.0,170.0,Seasonal flu,Flu,61-75
P100307,26.0,Female,"chest pain, fatigue, dizziness",145.0,111.0,269.0,Hypertension,Heart Disease,18-30
P100308,65.0,Female,"chest pain, shortness of breath, fever, cough",122.0,87.0,196.0,Unknown,Pneumonia,61-75
P100309,32.0,Male,"dizziness, headache, fatigue",182.0,85.0,255.0,Hypertension,Hypertension,31-45
P100310,50.0,Female,Unknown,136.0,179.0,224.0,Unknown,Diabetes,46-60
P100311,50.0,Male,"sore throat, cough, fatigue",121.0,90.0,177.0,Seasonal flu,Flu,46-60
P100312,54.0,Male,"fatigue, body ache, cough, sore throat",139.0,76.0,186.0,Seasonal flu,Flu,46-60
P100313,52.0,Female,"fatigue, dizziness, headache",147.0,142.0,182.0,Family history of hypertension,Hypertension,46-60
P100314,32.0,Male,"dizziness, shortness of breath, fatigue, chest pain",158.0,133.0,225.0,Heart disease,Heart Disease,31-45
P100315,23.0,Male,"dizziness, shortness of breath, chest pain, fatigue",119.0,68.0,273.0,High cholesterol,Heart Disease,18-30
P100316,61.0,Female,"chest pain, fatigue",143.0,88.0,287.0,Hypertension,Heart Disease,61-75
P100317,49.0,Male,"chest pain, fatigue",161.0,108.0,290.0,Hypertension,Heart Disease,46-60
P100318,66.0,Male,"headache, nausea, sensitivity to light, dizziness",150.0,98.0,210.0,Migraine,Migraine,61-75
P100319,45.0,Female,"dizziness, chest pain",135.0,149.0,201.0,Hypertension,Heart Disease,31-45
P100320,22.0,Female,Unknown,99.0,100.0,158.0,Unknown,Healthy,18-30
P100321,62.0,Female,Unknown,127.0,103.0,213.0,Unknown,Healthy,61-75
P100322,40.0,Male,"cough, fatigue, fever",111.0,77.0,228.0,Seasonal flu,Flu,31-45
P100323,52.0,Female,"dizziness, chest pain, fatigue, shortness of breath",143.0,129.0,289.0,Family history of heart disease,Heart Disease,46-60
P100324,35.0,Female,"cough, sore throat",131.0,108.0,182.0,Seasonal flu,Flu,31-45
P100325,74.0,Male,"nausea, vomiting",116.0,133.0,162.0,Gastritis,Gastroenteritis,61-75
P100326,31.0,Male,"cough, chest pain",96.0,109.0,189.0,Unknown,Pneumonia,31-45
P100327,40.0,Male,"fever, diarrhea, abdominal pain",99.0,78.0,187.0,Unknown,Gastroenteritis,31-45
P100328,48.0,Female,"sore throat, body ache, fatigue",122.0,119.0,228.0,Unknown,Flu,46-60
P100329,27.0,Male,"shortness of breath, cough, fever",97.0,148.0,195.0,Unknown,Pneumonia,18-30
P100330,52.0,Female,Unknown,148.0,108.0,240.0,Hypertension,Hypertension,46-60
P100331,73.0,Female,"nausea, dizziness, headache, sensitivity to light",110.0,118.0,202.0,Family history of migraine,Migraine,61-75
P100332,38.0,Male,"headache, dizziness",173.0,100.0,246.0,Unknown,Hypertension,31-45
P100333,53.0,Female,"nausea, headache",156.0,103.0,212.0,Migraine,Migraine,46-60
P100334,18.0,Male,Unknown,96.0,65.0,155.0,Unknown,Healthy,18-30
P100335,45.0,Male,"fatigue, increased thirst",136.0,172.0,200.0,Family history of diabetes,Diabetes,31-45
P100336,46.0,Female,"chest pain, fever, shortness of breath",112.0,103.0,225.0,Previous respiratory infection,Pneumonia,46-60
P100337,32.0,Male,"blurred vision, increased thirst, frequent urination",125.0,208.0,183.0,Family history of diabetes,Diabetes,31-45
P100338,64.0,Female,"nausea, dizziness, headache, sensitivity to light",153.0,65.0,238.0,Migraine,Migraine,61-75
P100339,40.0,Female,"fatigue, frequent urination, blurred vision",125.0,165.0,178.0,Diabetes,Diabetes,31-45
P100340,43.0,Male,Unknown,112.0,120.0,164.0,Unknown,Healthy,31-45
P100341,40.0,Male,"blurred vision, fatigue, frequent urination",118.0,165.0,247.0,Diabetes,Diabetes,31-45
P100342,18.0,Male,Unknown,127.0,81.0,173.0,Unknown,Healthy,18-30
P100343,27.0,Female,"diarrhea, vomiting",90.0,74.0,153.0,Previous gastrointestinal infection,Gastroenteritis,18-30
P100344,62.0,Female,"cough, fever",123.0,87.0,207.0,Asthma,Pneumonia,61-75
P100345,18.0,Male,"vomiting, abdominal pain, nausea",112.0,65.0,184.0,Previous gastrointestinal infection,Gastroenteritis,18-30
P100346,33.0,Female,"diarrhea, nausea, fever",107.0,80.0,180.0,Gastritis,Gastroenteritis,31-45
P100347,39.0,Female,Unknown,127.0,69.0,162.0,Unknown,Healthy,31-45
P100348,76.0,Female,"headache, fatigue",173.0,121.0,243.0,Family history of hypertension,Hypertension,76+
P100349,59.0,Male,"chest pain, shortness of breath, fever, cough",109.0,89.0,182.0,Asthma,Pneumonia,46-60
P100350,37.0,Male,"blurred vision, increased thirst",160.0,159.0,282.0,Family history of diabetes,Diabetes,31-45
P100351,68.0,Male,"shortness of breath, fever",110.0,99.0,192.0,Unknown,Pneumonia,61-75
P100352,33.0,Male,"headache, dizziness",129.0,107.0,227.0,Family history of hypertension,Hypertension,31-45
P100353,63.0,Male,"cough, fatigue",126.0,94.0,181.0,Seasonal flu,Flu,61-75
P100354,23.0,Male,"fever, cough, shortness of breath, chest pain",115.0,74.0,231.0,Unknown,Pneumonia,18-30
P100355,64.0,Male,"fever, fatigue, cough, sore throat",119.0,108.0,154.0,Seasonal flu,Flu,61-75
P100356,39.0,Male,"fatigue, body ache",119.0,123.0,197.0,Seasonal flu,Flu,31-45
P100357,29.0,Male,"nausea, dizziness, headache, sensitivity to light",124.0,98.0,186.0,Family history of migraine,Migraine,18-30
P100358,42.0,Female,"diarrhea, vomiting",105.0,83.0,207.0,Gastritis,Gastroenteritis,31-45
P100359,51.0,Female,"body ache, fatigue, sore throat, cough",119.0,100.0,172.0,Unknown,Flu,46-60
P100360,46.0,Male,"cough, fever, chest pain",129.0,65.0,199.0,Asthma,Pneumonia,46-60
P100361,55.0,Male,Unknown,101.0,91.0,159.0,Unknown,Healthy,46-60
P100362,36.0,Male,"fatigue, increased thirst",119.0,161.0,229.0,Diabetes,Diabetes,31-45
P100363,57.0,Female,"blurred vision, fatigue",118.0,154.0,269.0,Unknown,Diabetes,46-60
P100364,54.0,Female,"increased thirst, fatigue, blurred vision, frequent urination",128.0,158.0,231.0,Unknown,Diabetes,46-60
P100365,45.0,Male,"fever, cough, chest pain",132.0,94.0,158.0,Asthma,Pneumonia,31-45
P100366,38.0,Female,"sore throat, cough, fatigue, body ache",121.0,121.0,168.0,Unknown,Flu,31-45
P100367,49.0,Female,"diarrhea, fever, vomiting",146.0,122.0,182.0,Previous gastrointestinal infection,Gastroenteritis,46-60
P100368,55.0,Female,"headache, nausea, sensitivity to light, dizziness",95.0,81.0,189.0,Family history of migraine,Migraine,46-60
P100369,81.0,Male,"shortness of breath, chest pain",159.0,114.0,266.0,High cholesterol,Heart Disease,76+
P100370,62.0,Male,Unknown,119.0,85.0,189.0,Unknown,Healthy,61-75
P100371,63.0,Female,"sensitivity to light, dizziness, headache",139.0,121.0,240.0,Family history of migraine,Migraine,61-75
P100372,85.0,Male,"dizziness, headache",168.0,124.0,246.0,Unknown,Hypertension,76+
P100373,55.0,Female,"shortness of breath, fatigue",145.0,121.0,229.0,High cholesterol,Heart Disease,46-60
P100374,54.0,Female,"shortness of breath, fatigue, dizziness, chest pain",150.0,130.0,284.0,Family history of heart disease,Heart Disease,46-60
P100375,58.0,Male,"headache, fatigue, dizziness",143.0,101.0,271.0,Unknown,Hypertension,46-60
P100376,29.0,Male,"fatigue, blurred vision, frequent urination, increased thirst",138.0,198.0,227.0,Family history of diabetes,Diabetes,18-30
P100377,38.0,Male,Unknown,90.0,90.0,171.0,Unknown,Healthy,31-45
P100378,37.0,Male,"cough, fever, body ache, fatigue",130.0,80.0,203.0,Unknown,Flu,31-45
P100379,57.0,Female,"chest pain, dizziness, fatigue, shortness of breath",148.0,114.0,252.0,Heart disease,Heart Disease,46-60
P100380,43.0,Female,"nausea, headache, dizziness, sensitivity to light",117.0,108.0,145.0,Migraine,Migraine,31-45
P100381,48.0,Male,"fatigue, cough, sore throat, body ache",118.0,92.0,204.0,Unknown,Flu,46-60
P100382,64.0,Female,Unknown,117.0,118.0,203.0,Unknown,Healthy,61-75
P100383,61.0,Male,"fever, nausea",139.0,87.0,226.0,Gastritis,Gastroenteritis,61-75
P100384,43.0,Female,"fever, cough, body ache",166.0,84.0,172.0,Unknown,Flu,31-45
P100385,35.0,Male,"fatigue, shortness of breath, dizziness, chest pain",161.0,128.0,258.0,Hypertension,Heart Disease,31-45
P100386,65.0,Female,Unknown,112.0,78.0,188.0,Unknown,Healthy,61-75
P100387,59.0,Female,"sensitivity to light, nausea, headache",135.0,121.0,200.0,Unknown,Migraine,46-60
P100388,19.0,Male,Unknown,121.0,93.0,176.0,Unknown,Healthy,18-30
P100389,41.0,Female,"blurred vision, frequent urination, increased thirst, fatigue",118.0,152.0,225.0,Unknown,Diabetes,31-45
P100390,49.0,Female,Unknown,99.0,91.0,184.0,Unknown,Healthy,46-60
P100391,59.0,Male,"fever, cough, chest pain, shortness of breath",128.0,94.0,214.0,Unknown,Pneumonia,46-60
P100392,61.0,Female,"frequent urination, increased thirst, fatigue",146.0,184.0,257.0,Family history of diabetes,Diabetes,61-75
P100393,51.0,Female,"shortness of breath, cough",105.0,146.0,176.0,Previous respiratory infection,Pneumonia,46-60
P100394,56.0,Female,Unknown,116.0,94.0,193.0,Unknown,Migraine,46-60
P100395,47.0,Male,"frequent urination, blurred vision, increased thirst",140.0,184.0,215.0,Diabetes,Diabetes,46-60
P100396,35.0,Female,"cough, fever, fatigue",120.0,99.0,174.0,Seasonal flu,Flu,31-45
P100397,42.0,Female,"vomiting, fever, nausea",137.0,97.0,149.0,Gastritis,Gastroenteritis,31-45
P100398,46.0,Female,"dizziness, shortness of breath, fatigue, chest pain",126.0,113.0,256.0,Hypertension,Heart Disease,46-60
P100399,45.0,Male,"body ache, fever, sore throat, cough",154.0,82.0,202.0,Unknown,Flu,31-45
P100400,18.0,Male,"fever, fatigue, sore throat, body ache",95.0,102.0,181.0,Unknown,Flu,18-30
P100401,39.0,Female,"shortness of breath, fatigue",117.0,108.0,254.0,Hypertension,Heart Disease,31-45
P100402,47.0,Male,Unknown,116.0,73.0,188.0,Unknown,Healthy,46-60
P100403,41.0,Male,"nausea, fever",101.0,108.0,221.0,Gastritis,Gastroenteritis,31-45
P100404,42.0,Male,"blurred vision, increased thirst, frequent urination, fatigue",131.0,173.0,214.0,Unknown,Diabetes,31-45
P100405,54.0,Female,Unknown,117.0,89.0,152.0,Unknown,Healthy,46-60
P100406,28.0,Male,Unknown,110.0,117.0,172.0,Unknown,Healthy,18-30
P100407,18.0,Female,"fatigue, dizziness",134.0,65.0,278.0,Unknown,Hypertension,18-30
P100408,40.0,Female,"nausea, vomiting, fever",123.0,124.0,159.0,Gastritis,Gastroenteritis,31-45
P100409,59.0,Female,"fatigue, blurred vision",130.0,156.0,243.0,Unknown,Diabetes,46-60
P100410,75.0,Female,Unknown,137.0,104.0,212.0,Unknown,Healthy,61-75
P100411,59.0,Male,"chest pain, cough",126.0,94.0,139.0,Previous respiratory infection,Pneumonia,46-60
P100412,21.0,Female,"chest pain, shortness of breath",108.0,77.0,198.0,Asthma,Pneumonia,18-30
P100413,42.0,Male,"fatigue, increased thirst, frequent urination",108.0,200.0,239.0,Family history of diabetes,Diabetes,31-45
P100414,50.0,Female,Unknown,114.0,134.0,173.0,Unknown,Healthy,46-60
P100415,49.0,Male,"blurred vision, fatigue, increased thirst",115.0,168.0,210.0,Diabetes,Diabetes,46-60
P100416,55.0,Female,"headache, dizziness, fatigue",134.0,121.0,226.0,Unknown,Hypertension,46-60
P100417,30.0,Female,"fatigue, frequent urination",137.0,170.0,214.0,Unknown,Diabetes,18-30
P100418,47.0,Male,"fever, diarrhea, nausea",93.0,136.0,181.0,Unknown,Gastroenteritis,46-60
P100419,53.0,Female,"fatigue, dizziness",172.0,67.0,228.0,Unknown,Hypertension,46-60
P100420,60.0,Male,Unknown,121.0,104.0,173.0,Unknown,Healthy,46-60
P100421,32.0,Male,"chest pain, fever, cough, shortness of breath",123.0,84.0,219.0,Previous respiratory infection,Pneumonia,31-45
P100422,40.0,Male,"frequent urination, fatigue, increased thirst, blurred vision",117.0,119.0,195.0,Unknown,Diabetes,31-45
P100423,18.0,Male,"increased thirst, blurred vision",138.0,157.0,178.0,Family history of diabetes,Diabetes,18-30
P100424,35.0,Female,"fatigue, blurred vision",130.0,210.0,252.0,Family history of diabetes,Diabetes,31-45
P100425,37.0,Female,"cough, chest pain",115.0,87.0,187.0,Unknown,Pneumonia,31-45
P100426,29.0,Male,"abdominal pain, diarrhea",118.0,110.0,175.0,Unknown,Gastroenteritis,18-30
P100427,49.0,Female,"fatigue, dizziness, headache",128.0,138.0,236.0,Unknown,Hypertension,46-60
P100428,45.0,Female,"diarrhea, abdominal pain, nausea, fever",95.0,97.0,193.0,Gastritis,Gastroenteritis,31-45
P100429,18.0,Female,"fatigue, blurred vision, increased thirst, frequent urination",111.0,168.0,207.0,Diabetes,Diabetes,18-30
P100430,50.0,Male,"fever, vomiting, diarrhea, abdominal pain",124.0,65.0,201.0,Unknown,Gastroenteritis,46-60
P100431,30.0,Female,Unknown,113.0,72.0,152.0,Unknown,Healthy,18-30
P100432,54.0,Male,"abdominal pain, vomiting, fever",134.0,119.0,183.0,Gastritis,Gastroenteritis,46-60
P100433,24.0,Female,"headache, dizziness, sensitivity to light",107.0,95.0,138.0,Migraine,Migraine,18-30
P100434,47.0,Female,"vomiting, diarrhea",126.0,106.0,217.0,Previous gastrointestinal infection,Gastroenteritis,46-60
P100435,41.0,Female,"frequent urination, increased thirst",130.0,174.0,220.0,Family history of diabetes,Diabetes,31-45
P100436,51.0,Male,"fatigue, dizziness, headache",139.0,161.0,255.0,Hypertension,Hypertension,46-60
P100437,48.0,Male,"frequent urination, increased thirst, fatigue, blurred vision",138.0,163.0,237.0,Diabetes,Diabetes,46-60
P100438,42.0,Female,"cough, body ache",120.0,136.0,203.0,Unknown,Flu,31-45
P100439,20.0,Male,"nausea, sensitivity to light, headache",111.0,96.0,190.0,Migraine,Migraine,18-30
P100440,21.0,Male,"chest pain, shortness of breath",122.0,134.0,198.0,Previous respiratory infection,Pneumonia,18-30
P100441,36.0,Female,Unknown,113.0,65.0,153.0,Unknown,Healthy,31-45
P100442,46.0,Female,"fatigue, headache, dizziness",149.0,115.0,210.0,Hypertension,Hypertension,46-60
P100443,36.0,Male,"dizziness, sensitivity to light, nausea, headache",117.0,88.0,191.0,Migraine,Migraine,31-45
P100444,57.0,Male,"dizziness, headache",135.0,117.0,224.0,Family history of hypertension,Hypertension,46-60
P100445,41.0,Female,"fatigue, dizziness",151.0,137.0,271.0,Unknown,Hypertension,31-45
P100446,30.0,Male,"headache, sensitivity to light, dizziness",110.0,104.0,201.0,Family history of migraine,Migraine,18-30
P100447,41.0,Male,Unknown,101.0,118.0,160.0,Unknown,Healthy,31-45
P100448,50.0,Male,"cough, fever",124.0,90.0,187.0,Asthma,Pneumonia,46-60
P100449,52.0,Male,"frequent urination, fatigue",144.0,156.0,230.0,Family history of diabetes,Diabetes,46-60
P100450,78.0,Female,"fever, chest pain",135.0,112.0,198.0,Unknown,Pneumonia,76+
P100451,35.0,Male,"frequent urination, fatigue, increased thirst, blurred vision",123.0,169.0,230.0,Family history of diabetes,Diabetes,31-45
P100452,45.0,Male,Unknown,108.0,88.0,180.0,Unknown,Healthy,31-45
P100453,53.0,Male,"nausea, dizziness, sensitivity to light, headache",134.0,80.0,163.0,Family history of migraine,Migraine,46-60
P100454,46.0,Male,"fatigue, headache",118.0,138.0,187.0,Hypertension,Hypertension,46-60
P100455,37.0,Male,"fatigue, frequent urination",142.0,162.0,214.0,Diabetes,Diabetes,31-45
P100456,20.0,Female,"dizziness, fatigue, headache",120.0,136.0,246.0,Family history of hypertension,Hypertension,18-30
P100457,37.0,Female,Unknown,95.0,90.0,168.0,Unknown,Healthy,31-45
P100458,28.0,Male,Unknown,111.0,111.0,216.0,Seasonal flu,Flu,18-30
P100459,18.0,Male,"nausea, abdominal pain, vomiting",144.0,103.0,181.0,Gastritis,Gastroenteritis,18-30
P100460,46.0,Male,"fever, shortness of breath, chest pain",147.0,82.0,223.0,Asthma,Pneumonia,46-60
P100461,28.0,Male,"chest pain, cough, fever",133.0,107.0,217.0,Previous respiratory infection,Pneumonia,18-30
P100462,56.0,Female,"blurred vision, fatigue, increased thirst, frequent urination",139.0,217.0,252.0,Family history of diabetes,Diabetes,46-60
P100463,56.0,Male,Unknown,92.0,100.0,151.0,Unknown,Healthy,46-60
P100464,31.0,Female,"shortness of breath, chest pain, dizziness, fatigue",146.0,132.0,253.0,Family history of heart disease,Heart Disease,31-45
P100465,42.0,Female,"cough, fever, chest pain",118.0,118.0,222.0,Previous respiratory infection,Pneumonia,31-45
P100466,18.0,Male,"dizziness, headache, sensitivity to light, nausea",108.0,99.0,196.0,Family history of migraine,Migraine,18-30
P100467,38.0,Female,"chest pain, cough",127.0,105.0,205.0,Previous respiratory infection,Pneumonia,31-45
P100468,53.0,Male,Unknown,111.0,106.0,146.0,Unknown,Healthy,46-60
P100469,60.0,Male,"fatigue, blurred vision",147.0,193.0,274.0,Unknown,Diabetes,46-60
P100470,34.0,Female,"body ache, cough, sore throat",92.0,69.0,169.0,Unknown,Flu,31-45
P100471,64.0,Male,"dizziness, fatigue, chest pain",150.0,126.0,211.0,High cholesterol,Heart Disease,61-75
P100472,20.0,Female,"fever, body ache, cough, sore throat",104.0,91.0,177.0,Seasonal flu,Flu,18-30
P100473,25.0,Female,"fatigue, frequent urination",123.0,158.0,162.0,Family history of diabetes,Diabetes,18-30
P100474,58.0,Male,"blurred vision, frequent urination, fatigue, increased thirst",139.0,204.0,202.0,Diabetes,Diabetes,46-60
P100475,74.0,Female,"fatigue, dizziness",141.0,102.0,305.0,Hypertension,Hypertension,61-75
P100476,54.0,Male,"fatigue, dizziness, chest pain",150.0,88.0,248.0,Hypertension,Heart Disease,46-60
P100477,45.0,Female,"sore throat, body ache",118.0,119.0,156.0,Seasonal flu,Flu,31-45
P100478,18.0,Male,"shortness of breath, fever, cough",112.0,65.0,188.0,Asthma,Pneumonia,18-30
P100479,18.0,Male,"shortness of breath, cough, fever",115.0,65.0,166.0,Unknown,Pneumonia,18-30
P100480,48.0,Male,"body ache, sore throat",119.0,122.0,211.0,Seasonal flu,Flu,46-60
P100481,40.0,Female,"fatigue, chest pain, dizziness, shortness of breath",134.0,118.0,233.0,Heart disease,Heart Disease,31-45
P100482,27.0,Male,Unknown,148.0,117.0,241.0,Family history of hypertension,Hypertension,18-30
P100483,47.0,Female,Unknown,122.0,94.0,166.0,Unknown,Pneumonia,46-60
P100484,48.0,Male,"dizziness, chest pain, fatigue",138.0,86.0,318.0,Heart disease,Heart Disease,46-60
P100485,62.0,Male,"frequent urination, increased thirst",157.0,150.0,240.0,Unknown,Diabetes,61-75
P100486,48.0,Male,"fatigue, body ache, sore throat, fever",127.0,96.0,187.0,Unknown,Flu,46-60
P100487,67.0,Male,"body ache, fatigue, fever",129.0,79.0,187.0,Unknown,Flu,61-75
P100488,46.0,Female,"fatigue, headache, dizziness",153.0,118.0,225.0,Hypertension,Hypertension,46-60
P100489,44.0,Male,"chest pain, shortness of breath, cough, fever",111.0,93.0,175.0,Previous respiratory infection,Pneumonia,31-45
P100490,64.0,Female,"fever, body ache, fatigue, cough",118.0,110.0,175.0,Unknown,Flu,61-75
P100491,29.0,Female,"sensitivity to light, headache, nausea, dizziness",117.0,98.0,232.0,Family history of migraine,Migraine,18-30
P100492,85.0,Male,"chest pain, shortness of breath, cough, fever",116.0,122.0,188.0,Unknown,Pneumonia,76+
P100493,52.0,Female,"shortness of breath, chest pain",133.0,116.0,143.0,Previous respiratory infection,Pneumonia,46-60
P100494,52.0,Female,"shortness of breath, fatigue, chest pain",140.0,110.0,228.0,Family history of heart disease,Heart Disease,46-60
P100495,55.0,Female,"vomiting, abdominal pain, nausea, diarrhea",115.0,104.0,212.0,Previous gastrointestinal infection,Gastroenteritis,46-60
P100496,78.0,Female,"sore throat, fatigue, fever",119.0,114.0,191.0,Unknown,Flu,76+
P100497,59.0,Female,"body ache, cough",165.0,65.0,190.0,Seasonal flu,Flu,46-60
P100498,19.0,Female,"fever, chest pain, cough",112.0,111.0,216.0,Unknown,Pneumonia,18-30
P100499,70.0,Male,"fatigue, dizziness, shortness of breath",122.0,126.0,241.0,Hypertension,Heart Disease,61-75
P100500,40.0,Female,"fever, sore throat, body ache",98.0,112.0,204.0,Unknown,Flu,31-45
P100501,48.0,Male,"headache, sensitivity to light",135.0,71.0,180.0,Unknown,Migraine,46-60
P100502,24.0,Female,Unknown,131.0,80.0,188.0,Unknown,Healthy,18-30
P100503,55.0,Female,Unknown,108.0,70.0,171.0,Unknown,Healthy,46-60
P100504,35.0,Female,"fatigue, cough, fever",137.0,115.0,182.0,Unknown,Flu,31-45
P100505,48.0,Female,"cough, fever, body ache, fatigue",132.0,71.0,210.0,Seasonal flu,Flu,46-60
P100506,41.0,Female,"abdominal pain, diarrhea, nausea, vomiting",115.0,76.0,205.0,Previous gastrointestinal infection,Gastroenteritis,31-45
P100507,79.0,Female,"fatigue, chest pain",129.0,136.0,258.0,Heart disease,Heart Disease,76+
P100508,80.0,Male,"vomiting, fever",127.0,92.0,184.0,Previous gastrointestinal infection,Gastroenteritis,76+
P100509,47.0,Male,"cough, fever, fatigue",134.0,81.0,229.0,Unknown,Flu,46-60
P100510,47.0,Male,"blurred vision, frequent urination, increased thirst, fatigue",138.0,192.0,240.0,Family history of diabetes,Diabetes,46-60
P100511,40.0,Male,"blurred vision, frequent urination",122.0,192.0,215.0,Diabetes,Diabetes,31-45
P100512,65.0,Female,"diarrhea, abdominal pain",119.0,118.0,176.0,Unknown,Gastroenteritis,61-75
P100513,40.0,Female,"frequent urination, increased thirst, blurred vision",159.0,189.0,249.0,Diabetes,Diabetes,31-45
P100514,39.0,Male,"headache, fatigue, dizziness",153.0,104.0,240.0,Family history of hypertension,Hypertension,31-45
P100515,63.0,Male,"chest pain, shortness of breath, dizziness",161.0,116.0,255.0,Heart disease,Heart Disease,61-75
P100516,37.0,Female,"dizziness, headache",157.0,95.0,239.0,Family history of hypertension,Hypertension,31-45
P100517,45.0,Male,"shortness of breath, dizziness, chest pain",150.0,120.0,263.0,Heart disease,Heart Disease,31-45
P100518,19.0,Female,"sensitivity to light, dizziness, headache, nausea",121.0,81.0,188.0,Migraine,Migraine,18-30
P100519,58.0,Female,"increased thirst, blurred vision, frequent urination",147.0,166.0,256.0,Unknown,Diabetes,46-60
P100520,46.0,Male,"nausea, abdominal pain",134.0,119.0,225.0,Previous gastrointestinal infection,Gastroenteritis,46-60
P100521,58.0,Male,Unknown,122.0,121.0,193.0,Unknown,Healthy,46-60
P100522,71.0,Male,"chest pain, shortness of breath, fatigue, dizziness",141.0,131.0,293.0,Hypertension,Heart Disease,61-75
P100523,32.0,Male,"headache, dizziness",154.0,147.0,236.0,Hypertension,Hypertension,31-45
P100524,50.0,Male,"cough, shortness of breath, fever, chest pain",126.0,89.0,211.0,Asthma,Pneumonia,46-60
P100525,30.0,Male,"frequent urination, fatigue, blurred vision, increased thirst",125.0,128.0,246.0,Diabetes,Diabetes,18-30
P100526,42.0,Male,"chest pain, dizziness, shortness of breath",183.0,131.0,279.0,High cholesterol,Heart Disease,31-45
P100527,59.0,Male,Unknown,97.0,79.0,203.0,Unknown,Healthy,46-60
P100528,48.0,Male,Unknown,130.0,87.0,194.0,Unknown,Healthy,46-60
P100529,22.0,Female,"fever, diarrhea, vomiting, abdominal pain",102.0,65.0,230.0,Previous gastrointestinal infection,Gastroenteritis,18-30
P100530,24.0,Male,"chest pain, shortness of breath",144.0,91.0,238.0,Hypertension,Heart Disease,18-30
P100531,23.0,Female,"nausea, dizziness, headache, sensitivity to light",156.0,65.0,187.0,Unknown,Migraine,18-30
P100532,54.0,Male,"sensitivity to light, dizziness, nausea, headache",112.0,92.0,192.0,Unknown,Migraine,46-60
P100533,81.0,Male,"dizziness, shortness of breath, chest pain, fatigue",142.0,116.0,253.0,Heart disease,Heart Disease,76+
P100534,69.0,Male,"chest pain, shortness of breath, cough",130.0,111.0,150.0,Asthma,Pneumonia,61-75
P100535,18.0,Female,"fatigue, blurred vision, increased thirst, frequent urination",115.0,193.0,253.0,Unknown,Diabetes,18-30
P100536,70.0,Male,"headache, dizziness, fatigue",168.0,132.0,218.0,Unknown,Hypertension,61-75
P100537,62.0,Male,"fatigue, cough",117.0,108.0,197.0,Seasonal flu,Flu,61-75
P100538,20.0,Male,"fatigue, headache, dizziness",156.0,118.0,199.0,Family history of hypertension,Hypertension,18-30
P100539,41.0,Female,"fatigue, dizziness, headache",132.0,112.0,252.0,Unknown,Hypertension,31-45
P100540,65.0,Male,"diarrhea, abdominal pain",96.0,100.0,173.0,Gastritis,Gastroenteritis,61-75
P100541,55.0,Male,Unknown,115.0,94.0,153.0,Unknown,Healthy,46-60
P100542,24.0,Female,"sore throat, fatigue, body ache, cough",95.0,100.0,190.0,Seasonal flu,Flu,18-30
P100543,56.0,Male,"fever, diarrhea, vomiting",141.0,85.0,173.0,Gastritis,Gastroenteritis,46-60
P100544,18.0,Male,Unknown,90.0,81.0,159.0,Unknown,Healthy,18-30
P100545,42.0,Female,"increased thirst, blurred vision, frequent urination",117.0,197.0,229.0,Diabetes,Diabetes,31-45
P100546,65.0,Male,"body ache, sore throat, fatigue",130.0,91.0,213.0,Seasonal flu,Flu,61-75
P100547,46.0,Male,"dizziness, chest pain",138.0,94.0,236.0,High cholesterol,Heart Disease,46-60
P100548,38.0,Male,"frequent urination, blurred vision, increased thirst",109.0,169.0,200.0,Unknown,Diabetes,31-45
P100549,61.0,Male,Unknown,155.0,78.0,199.0,Unknown,Migraine,61-75
P100550,63.0,Female,"cough, fatigue, sore throat",110.0,68.0,207.0,Unknown,Flu,61-75
P100551,68.0,Female,"fever, fatigue, sore throat, body ache",122.0,99.0,230.0,Seasonal flu,Flu,61-75
P100552,61.0,Female,"headache, dizziness",151.0,147.0,215.0,Family history of hypertension,Hypertension,61-75
P100553,64.0,Male,"dizziness, headache, fatigue",164.0,115.0,234.0,Hypertension,Hypertension,61-75
P100554,58.0,Female,Unknown,125.0,99.0,209.0,Unknown,Healthy,46-60
P100555,51.0,Female,"frequent urination, fatigue",122.0,127.0,274.0,Diabetes,Diabetes,46-60
P100556,48.0,Male,"fatigue, dizziness, headache",147.0,121.0,215.0,Family history of hypertension,Hypertension,46-60
P100557,42.0,Female,"dizziness, fatigue, shortness of breath, chest pain",142.0,117.0,237.0,Unknown,Heart Disease,31-45
P100558,25.0,Female,"cough, fatigue, body ache, sore throat",128.0,81.0,195.0,Unknown,Flu,18-30
P100559,30.0,Female,"shortness of breath, chest pain, cough, fever",107.0,103.0,176.0,Unknown,Pneumonia,18-30
P100560,41.0,Male,"cough, fatigue",149.0,104.0,171.0,Seasonal flu,Flu,31-45
P100561,50.0,Male,"fatigue, blurred vision, increased thirst",122.0,150.0,232.0,Family history of diabetes,Diabetes,46-60
P100562,70.0,Female,"headache, dizziness, fatigue",155.0,125.0,280.0,Family history of hypertension,Hypertension,61-75
P100563,45.0,Female,"abdominal pain, fever, diarrhea",102.0,123.0,157.0,Gastritis,Gastroenteritis,31-45
P100564,63.0,Male,"chest pain, shortness of breath",111.0,102.0,233.0,Asthma,Pneumonia,61-75
P100565,64.0,Male,"shortness of breath, fever, cough, chest pain",117.0,89.0,183.0,Unknown,Pneumonia,61-75
P100566,42.0,Female,"headache, nausea, sensitivity to light, dizziness",110.0,94.0,203.0,Family history of migraine,Migraine,31-45
P100567,56.0,Male,"dizziness, headache, sensitivity to light",120.0,121.0,235.0,Family history of migraine,Migraine,46-60
P100568,42.0,Male,"frequent urination, increased thirst, blurred vision",118.0,144.0,232.0,Family history of diabetes,Diabetes,31-45
P100569,68.0,Female,"shortness of breath, fatigue, dizziness, chest pain",160.0,134.0,252.0,Hypertension,Heart Disease,61-75
P100570,57.0,Male,"fatigue, fever, cough, body ache",112.0,89.0,210.0,Unknown,Flu,46-60
P100571,26.0,Male,"chest pain, dizziness, fatigue, shortness of breath",130.0,117.0,247.0,Heart disease,Heart Disease,18-30
P100572,49.0,Male,"nausea, fever, abdominal pain",113.0,108.0,201.0,Previous gastrointestinal infection,Gastroenteritis,46-60
P100573,74.0,Female,"cough, fever, fatigue, sore throat",140.0,96.0,207.0,Seasonal flu,Flu,61-75
P100574,43.0,Male,"headache, nausea",127.0,132.0,215.0,Migraine,Migraine,31-45
P100575,54.0,Female,Unknown,116.0,65.0,146.0,Unknown,Healthy,46-60
P100576,55.0,Female,"body ache, fatigue, fever, sore throat",103.0,114.0,168.0,Unknown,Flu,46-60
P100577,28.0,Female,Unknown,97.0,126.0,141.0,Unknown,Healthy,18-30
P100578,55.0,Female,"fever, shortness of breath",110.0,121.0,194.0,Previous respiratory infection,Pneumonia,46-60
P100579,22.0,Female,Unknown,130.0,65.0,137.0,Unknown,Healthy,18-30
P100580,35.0,Male,"chest pain, shortness of breath, fatigue, dizziness",152.0,85.0,236.0,Family history of heart disease,Heart Disease,31-45
P100581,64.0,Female,"body ache, sore throat",112.0,89.0,167.0,Seasonal flu,Flu,61-75
P100582,52.0,Female,"sore throat, fever, fatigue",114.0,106.0,227.0,Unknown,Flu,46-60
P100583,41.0,Female,"increased thirst, frequent urination, fatigue, blurred vision",120.0,176.0,200.0,Family history of diabetes,Diabetes,31-45
P100584,54.0,Male,"shortness of breath, fatigue",135.0,90.0,207.0,High cholesterol,Heart Disease,46-60
P100585,45.0,Male,Unknown,122.0,73.0,184.0,Unknown,Healthy,31-45
P100586,46.0,Female,"chest pain, shortness of breath, cough, fever",122.0,85.0,234.0,Asthma,Pneumonia,46-60
P100587,57.0,Male,"headache, dizziness, fatigue",182.0,110.0,238.0,Family history of hypertension,Hypertension,46-60
P100588,34.0,Female,"shortness of breath, dizziness, fatigue",162.0,157.0,252.0,Family history of heart disease,Heart Disease,31-45
P100589,47.0,Male,"fatigue, headache, dizziness",170.0,91.0,269.0,Hypertension,Hypertension,46-60
P100590,41.0,Female,"increased thirst, fatigue, blurred vision",141.0,150.0,245.0,Diabetes,Diabetes,31-45
P100591,19.0,Female,Unknown,105.0,65.0,183.0,Unknown,Healthy,18-30
P100592,30.0,Male,"fatigue, cough, body ache",127.0,111.0,173.0,Seasonal flu,Flu,18-30
P100593,73.0,Male,"dizziness, shortness of breath, fatigue, chest pain",146.0,122.0,272.0,Heart disease,Heart Disease,61-75
P100594,53.0,Female,"chest pain, cough, shortness of breath, fever",150.0,85.0,162.0,Previous respiratory infection,Pneumonia,46-60
P100595,23.0,Male,"blurred vision, fatigue, frequent urination",134.0,159.0,206.0,Unknown,Diabetes,18-30
P100596,20.0,Male,"dizziness, headache",150.0,87.0,267.0,Family history of hypertension,Hypertension,18-30
P100597,44.0,Male,"nausea, dizziness, headache, sensitivity to light",126.0,105.0,226.0,Migraine,Migraine,31-45
P100598,73.0,Male,"cough, shortness of breath",155.0,169.0,209.0,Previous respiratory infection,Pneumonia,61-75
P100599,43.0,Female,Unknown,96.0,104.0,131.0,Unknown,Healthy,31-45
P100600,68.0,Male,"shortness of breath, fever",156.0,107.0,169.0,Unknown,Pneumonia,61-75
P100601,52.0,Male,"cough, sore throat, fever, body ache",120.0,88.0,175.0,Seasonal flu,Flu,46-60
P100602,54.0,Female,"sensitivity to light, nausea, dizziness, headache",106.0,72.0,193.0,Unknown,Migraine,46-60
P100603,23.0,Male,Unknown,102.0,103.0,144.0,Unknown,Healthy,18-30
P100604,62.0,Male,"sensitivity to light, headache, nausea, dizziness",104.0,118.0,192.0,Unknown,Migraine,61-75
P100605,40.0,Female,Unknown,124.0,80.0,219.0,Unknown,Healthy,31-45
P100606,61.0,Female,"diarrhea, abdominal pain, vomiting",106.0,128.0,201.0,Gastritis,Gastroenteritis,61-75
P100607,32.0,Female,Unknown,116.0,89.0,181.0,Unknown,Healthy,31-45
P100608,49.0,Female,"increased thirst, blurred vision, frequent urination",149.0,190.0,201.0,Diabetes,Diabetes,46-60
P100609,52.0,Male,"nausea, sensitivity to light",116.0,107.0,157.0,Family history of migraine,Migraine,46-60
P100610,43.0,Male,"cough, sore throat, fever, fatigue",117.0,97.0,160.0,Seasonal flu,Flu,31-45
P100611,53.0,Female,"body ache, fatigue, fever, sore throat",129.0,82.0,151.0,Seasonal flu,Flu,46-60
P100612,41.0,Female,"shortness of breath, chest pain, fever",120.0,99.0,194.0,Unknown,Pneumonia,31-45
P100613,35.0,Female,Unknown,150.0,108.0,185.0,Unknown,Healthy,31-45
P100614,73.0,Male,Unknown,132.0,88.0,160.0,Unknown,Healthy,61-75
P100615,64.0,Male,"headache, dizziness",151.0,125.0,245.0,Family history of hypertension,Hypertension,61-75
P100616,33.0,Male,"headache, sensitivity to light, nausea, dizziness",113.0,72.0,228.0,Migraine,Migraine,31-45
P100617,56.0,Female,"sensitivity to light, headache",125.0,119.0,244.0,Migraine,Migraine,46-60
P100618,33.0,Female,"chest pain, fatigue, dizziness, shortness of breath",146.0,120.0,271.0,High cholesterol,Heart Disease,31-45
P100619,26.0,Male,"frequent urination, increased thirst, fatigue, blurred vision",123.0,141.0,217.0,Unknown,Diabetes,18-30
P100620,64.0,Male,"blurred vision, frequent urination, fatigue, increased thirst",143.0,172.0,247.0,Unknown,Diabetes,61-75
P100621,18.0,Male,"abdominal pain, vomiting",100.0,111.0,215.0,Previous gastrointestinal infection,Gastroenteritis,18-30
P100622,62.0,Male,"fever, body ache",111.0,78.0,145.0,Seasonal flu,Flu,61-75
P100623,42.0,Female,Unknown,121.0,68.0,213.0,Unknown,Healthy,31-45
P100624,42.0,Female,"body ache, fever, fatigue, cough",104.0,99.0,176.0,Unknown,Flu,31-45
P100625,53.0,Male,Unknown,128.0,141.0,167.0,Unknown,Healthy,46-60
P100626,56.0,Female,"sore throat, fatigue, body ache",123.0,89.0,184.0,Unknown,Flu,46-60
P100627,32.0,Female,"fever, abdominal pain, vomiting, diarrhea",90.0,105.0,193.0,Gastritis,Gastroenteritis,31-45
P100628,58.0,Male,"blurred vision, fatigue",136.0,181.0,201.0,Diabetes,Diabetes,46-60
P100629,48.0,Male,"fatigue, sore throat",98.0,89.0,184.0,Seasonal flu,Flu,46-60
P100630,25.0,Male,"nausea, abdominal pain",124.0,96.0,197.0,Gastritis,Gastroenteritis,18-30
P100631,43.0,Male,Unknown,112.0,82.0,183.0,Unknown,Healthy,31-45
P100632,69.0,Female,"diarrhea, abdominal pain, nausea, fever",148.0,95.0,202.0,Gastritis,Gastroenteritis,61-75
P100633,75.0,Female,"frequent urination, increased thirst, blurred vision",152.0,143.0,223.0,Unknown,Diabetes,61-75
P100634,58.0,Male,"chest pain, fatigue, shortness of breath, dizziness",133.0,119.0,274.0,Hypertension,Heart Disease,46-60
P100635,26.0,Male,"increased thirst, blurred vision, frequent urination, fatigue",100.0,187.0,247.0,Family history of diabetes,Diabetes,18-30
P100636,54.0,Female,"frequent urination, fatigue, increased thirst",123.0,176.0,251.0,Unknown,Diabetes,46-60
P100637,60.0,Male,"sensitivity to light, nausea, headache, dizziness",110.0,127.0,208.0,Unknown,Migraine,46-60
P100638,58.0,Female,"sensitivity to light, nausea, dizziness, headache",152.0,115.0,220.0,Family history of migraine,Migraine,46-60
P100639,59.0,Female,"abdominal pain, vomiting",120.0,99.0,212.0,Previous gastrointestinal infection,Gastroenteritis,46-60
P100640,52.0,Female,Unknown,130.0,80.0,244.0,Unknown,Healthy,46-60
P100641,45.0,Female,"sensitivity to light, nausea, dizziness, headache",120.0,88.0,224.0,Unknown,Migraine,31-45
P100642,36.0,Female,"nausea, abdominal pain",114.0,65.0,184.0,Previous gastrointestinal infection,Gastroenteritis,31-45
P100643,18.0,Female,"increased thirst, blurred vision",127.0,159.0,198.0,Family history of diabetes,Diabetes,18-30
P100644,52.0,Male,"fatigue, dizziness, headache",168.0,116.0,233.0,Family history of hypertension,Hypertension,46-60
P100645,49.0,Male,"chest pain, shortness of breath",131.0,142.0,186.0,Unknown,Pneumonia,46-60
P100646,55.0,Male,Unknown,103.0,106.0,192.0,Unknown,Healthy,46-60
P100647,23.0,Male,"increased thirst, fatigue, blurred vision, frequent urination",151.0,147.0,204.0,Unknown,Diabetes,18-30
P100648,57.0,Male,"fever, fatigue, sore throat, cough",119.0,72.0,221.0,Seasonal flu,Flu,46-60
P100649,81.0,Male,"nausea, sensitivity to light, headache, dizziness",124.0,103.0,169.0,Unknown,Migraine,76+
P100650,47.0,Male,"blurred vision, fatigue, frequent urination",93.0,190.0,186.0,Family history of diabetes,Diabetes,46-60
P100651,45.0,Male,"shortness of breath, chest pain",155.0,111.0,252.0,Family history of heart disease,Heart Disease,31-45
P100652,51.0,Male,Unknown,118.0,105.0,159.0,Unknown,Healthy,46-60
P100653,81.0,Female,"dizziness, nausea, sensitivity to light",132.0,104.0,172.0,Family history of migraine,Migraine,76+
P100654,29.0,Female,"fatigue, dizziness",142.0,123.0,220.0,Family history of hypertension,Hypertension,18-30
P100655,49.0,Female,Unknown,109.0,65.0,161.0,Unknown,Healthy,46-60
P100656,32.0,Female,"dizziness, fatigue, shortness of breath",138.0,148.0,253.0,Heart disease,Heart Disease,31-45
P100657,37.0,Female,Unknown,121.0,66.0,162.0,Unknown,Healthy,31-45
P100658,45.0,Female,"shortness of breath, fatigue, dizziness",155.0,133.0,242.0,High cholesterol,Heart Disease,31-45
P100659,69.0,Male,"chest pain, fever, shortness of breath, cough",127.0,103.0,198.0,Asthma,Pneumonia,61-75
P100660,77.0,Female,"shortness of breath, chest pain, fatigue, dizziness",165.0,121.0,286.0,Heart disease,Heart Disease,76+
P100661,54.0,Male,"fatigue, dizziness",152.0,108.0,275.0,Unknown,Hypertension,46-60
P100662,40.0,Female,Unknown,108.0,96.0,181.0,Unknown,Healthy,31-45
P100663,85.0,Female,"fatigue, dizziness",161.0,131.0,251.0,Family history of hypertension,Hypertension,76+
P100664,39.0,Male,"frequent urination, blurred vision",112.0,194.0,219.0,Unknown,Diabetes,31-45
P100665,36.0,Female,"dizziness, chest pain, shortness of breath",148.0,145.0,265.0,High cholesterol,Heart Disease,31-45
P100666,18.0,Male,"headache, dizziness, sensitivity to light",98.0,100.0,199.0,Unknown,Migraine,18-30
P100667,70.0,Male,"vomiting, fever, diarrhea, abdominal pain",108.0,141.0,225.0,Unknown,Gastroenteritis,61-75
P100668,62.0,Male,Unknown,91.0,98.0,136.0,Unknown,Healthy,61-75
P100669,85.0,Male,"dizziness, fatigue, shortness of breath",151.0,150.0,257.0,Heart disease,Heart Disease,76+
P100670,22.0,Male,"shortness of breath, fatigue, chest pain",164.0,120.0,259.0,Family history of heart disease,Heart Disease,18-30
P100671,71.0,Female,"frequent urination, increased thirst, fatigue",135.0,166.0,230.0,Diabetes,Diabetes,61-75
P100672,47.0,Female,"fever, cough, shortness of breath, chest pain",135.0,107.0,171.0,Asthma,Pneumonia,46-60
P100673,60.0,Male,Unknown,152.0,107.0,150.0,Unknown,Healthy,46-60
P100674,18.0,Female,"dizziness, sensitivity to light, nausea, headache",125.0,92.0,209.0,Unknown,Migraine,18-30
P100675,71.0,Male,"fever, shortness of breath, chest pain",120.0,119.0,180.0,Unknown,Pneumonia,61-75
P100676,59.0,Male,"fatigue, dizziness, shortness of breath",140.0,139.0,216.0,Heart disease,Heart Disease,46-60
P100677,45.0,Female,Unknown,129.0,91.0,199.0,Unknown,Healthy,31-45
P100678,57.0,Female,"body ache, fever, sore throat",114.0,65.0,203.0,Seasonal flu,Flu,46-60
P100679,33.0,Male,"fatigue, frequent urination",122.0,206.0,220.0,Unknown,Diabetes,31-45
P100680,36.0,Male,"shortness of breath, fatigue, dizziness",158.0,107.0,231.0,Family history of heart disease,Heart Disease,31-45
P100681,38.0,Female,"frequent urination, blurred vision",145.0,152.0,221.0,Unknown,Diabetes,31-45
P100682,18.0,Female,"dizziness, headache",123.0,80.0,262.0,Family history of hypertension,Hypertension,18-30
P100683,61.0,Male,"blurred vision, increased thirst",123.0,169.0,189.0,Diabetes,Diabetes,61-75
P100684,66.0,Male,"fever, body ache",118.0,94.0,157.0,Unknown,Flu,61-75
P100685,34.0,Male,"fever, shortness of breath, cough",132.0,84.0,176.0,Asthma,Pneumonia,31-45
P100686,52.0,Female,"chest pain, dizziness",163.0,103.0,256.0,Unknown,Heart Disease,46-60
P100687,41.0,Female,"sore throat, fever, body ache",158.0,112.0,177.0,Unknown,Flu,31-45
P100688,52.0,Female,Unknown,111.0,138.0,207.0,Unknown,Healthy,46-60
P100689,35.0,Male,"dizziness, nausea",116.0,115.0,219.0,Unknown,Migraine,31-45
P100690,31.0,Female,"cough, fever",127.0,122.0,194.0,Unknown,Flu,31-45
P100691,64.0,Female,"fatigue, dizziness, headache",145.0,107.0,255.0,Unknown,Hypertension,61-75
P100692,45.0,Male,Unknown,114.0,94.0,185.0,Unknown,Healthy,31-45
P100693,80.0,Female,"fatigue, headache",151.0,129.0,245.0,Hypertension,Hypertension,76+
P100694,47.0,Male,"chest pain, dizziness, shortness of breath",110.0,102.0,224.0,Heart disease,Heart Disease,46-60
P100695,30.0,Male,Unknown,115.0,79.0,150.0,Unknown,Healthy,18-30
P100696,67.0,Female,"fatigue, cough",122.0,125.0,162.0,Seasonal flu,Flu,61-75
P100697,57.0,Male,"dizziness, headache",144.0,126.0,194.0,Migraine,Migraine,46-60
P100698,58.0,Female,"fever, cough",128.0,108.0,201.0,Unknown,Pneumonia,46-60
P100699,66.0,Male,"fever, chest pain",112.0,82.0,162.0,Unknown,Pneumonia,61-75
P100700,35.0,Male,"shortness of breath, chest pain, dizziness, fatigue",141.0,107.0,255.0,Family history of heart disease,Heart Disease,31-45
P100701,44.0,Male,"headache, dizziness, fatigue",122.0,79.0,217.0,Family history of hypertension,Hypertension,31-45
P100702,43.0,Female,"chest pain, shortness of breath, fatigue",129.0,117.0,229.0,Hypertension,Heart Disease,31-45
P100703,24.0,Male,"fatigue, headache",156.0,111.0,219.0,Hypertension,Hypertension,18-30
P100704,42.0,Female,Unknown,112.0,85.0,151.0,Unknown,Healthy,31-45
P100705,69.0,Male,"dizziness, headache",168.0,122.0,257.0,Unknown,Hypertension,61-75
P100706,50.0,Male,"body ache, fatigue, fever",94.0,111.0,187.0,Unknown,Flu,46-60
P100707,23.0,Female,"nausea, fever, diarrhea, vomiting",111.0,97.0,203.0,Previous gastrointestinal infection,Gastroenteritis,18-30
P100708,20.0,Male,"fever, abdominal pain",107.0,65.0,172.0,Previous gastrointestinal infection,Gastroenteritis,18-30
P100709,74.0,Female,"fatigue, fever, cough, sore throat",140.0,103.0,186.0,Unknown,Flu,61-75
P100710,44.0,Male,"body ache, cough, fatigue",130.0,110.0,235.0,Seasonal flu,Flu,31-45
P100711,35.0,Male,Unknown,123.0,124.0,137.0,Unknown,Healthy,31-45
P100712,41.0,Female,"nausea, dizziness, headache, sensitivity to light",145.0,92.0,225.0,Unknown,Migraine,31-45
P100713,21.0,Female,"vomiting, fever",109.0,103.0,223.0,Unknown,Gastroenteritis,18-30
P100714,70.0,Female,Unknown,139.0,118.0,201.0,Unknown,Healthy,61-75
P100715,39.0,Male,"vomiting, diarrhea, abdominal pain, nausea",102.0,91.0,179.0,Previous gastrointestinal infection,Gastroenteritis,31-45
P100716,69.0,Male,"headache, fatigue, dizziness",140.0,142.0,277.0,Unknown,Hypertension,61-75
P100717,47.0,Female,"cough, fatigue",132.0,128.0,183.0,Unknown,Flu,46-60
P100718,70.0,Female,"frequent urination, fatigue",115.0,209.0,213.0,Diabetes,Diabetes,61-75
P100719,46.0,Female,"chest pain, shortness of breath, cough",135.0,114.0,185.0,Previous respiratory infection,Pneumonia,46-60
P100720,61.0,Female,Unknown,120.0,148.0,168.0,Unknown,Healthy,61-75
P100721,58.0,Female,"fever, cough, sore throat, fatigue",138.0,91.0,170.0,Seasonal flu,Flu,46-60
P100722,57.0,Male,"cough, fatigue",122.0,151.0,219.0,Seasonal flu,Flu,46-60
P100723,52.0,Female,"frequent urination, increased thirst, blurred vision, fatigue",134.0,191.0,208.0,Diabetes,Diabetes,46-60
P100724,42.0,Male,Unknown,123.0,121.0,177.0,Unknown,Healthy,31-45
P100725,79.0,Male,"increased thirst, blurred vision, frequent urination",129.0,173.0,197.0,Unknown,Diabetes,76+
P100726,31.0,Female,"fatigue, blurred vision",120.0,108.0,223.0,Diabetes,Diabetes,31-45
P100727,46.0,Male,"dizziness, headache, fatigue",158.0,143.0,210.0,Hypertension,Hypertension,46-60
P100728,46.0,Male,"increased thirst, frequent urination, fatigue, blurred vision",132.0,148.0,197.0,Unknown,Diabetes,46-60
P100729,53.0,Female,"cough, sore throat, fever, fatigue",117.0,99.0,189.0,Unknown,Flu,46-60
P100730,46.0,Female,"fatigue, cough",119.0,65.0,214.0,Unknown,Flu,46-60
P100731,51.0,Female,"shortness of breath, fatigue, dizziness, chest pain",169.0,114.0,267.0,Hypertension,Heart Disease,46-60
P100732,43.0,Female,"frequent urination, blurred vision, increased thirst",125.0,154.0,237.0,Diabetes,Diabetes,31-45
P100733,19.0,Male,"fatigue, increased thirst, blurred vision, frequent urination",129.0,161.0,217.0,Family history of diabetes,Diabetes,18-30
P100734,46.0,Female,"fatigue, chest pain, shortness of breath, dizziness",122.0,181.0,247.0,High cholesterol,Heart Disease,46-60
P100735,27.0,Male,"frequent urination, blurred vision, increased thirst, fatigue",128.0,205.0,240.0,Diabetes,Diabetes,18-30
P100736,18.0,Male,"sensitivity to light, nausea, headache",128.0,65.0,176.0,Migraine,Migraine,18-30
P100737,48.0,Male,"headache, dizziness, fatigue",163.0,124.0,259.0,Unknown,Hypertension,46-60
P100738,54.0,Male,"shortness of breath, dizziness, chest pain, fatigue",149.0,136.0,286.0,High cholesterol,Heart Disease,46-60
P100739,55.0,Male,"dizziness, chest pain, fatigue",161.0,111.0,237.0,Heart disease,Heart Disease,46-60
P100740,56.0,Male,"cough, body ache",133.0,108.0,176.0,Seasonal flu,Flu,46-60
P100741,18.0,Female,"frequent urination, fatigue, increased thirst, blurred vision",143.0,171.0,207.0,Family history of diabetes,Diabetes,18-30
P100742,23.0,Male,"blurred vision, fatigue, frequent urination, increased thirst",142.0,137.0,185.0,Unknown,Diabetes,18-30
P100743,80.0,Male,Unknown,144.0,78.0,174.0,Unknown,Healthy,76+
P100744,28.0,Female,"blurred vision, increased thirst, fatigue",127.0,172.0,253.0,Diabetes,Diabetes,18-30
P100745,56.0,Female,"fever, fatigue, body ache, sore throat",104.0,106.0,167.0,Seasonal flu,Flu,46-60
P100746,34.0,Female,"body ache, sore throat",128.0,83.0,220.0,Seasonal flu,Flu,31-45
P100747,47.0,Male,"fatigue, shortness of breath, chest pain, dizziness",157.0,99.0,245.0,Heart disease,Heart Disease,46-60
P100748,35.0,Male,"sore throat, fever, cough",141.0,97.0,239.0,Seasonal flu,Flu,31-45
P100749,56.0,Female,"abdominal pain, nausea, fever",138.0,119.0,174.0,Gastritis,Gastroenteritis,46-60
P100750,48.0,Female,"diarrhea, vomiting, abdominal pain",146.0,96.0,185.0,Previous gastrointestinal infection,Gastroenteritis,46-60
P100751,38.0,Male,"headache, fatigue",158.0,145.0,215.0,Family history of hypertension,Hypertension,31-45
P100752,28.0,Female,"shortness of breath, chest pain, dizziness, fatigue",146.0,96.0,235.0,Hypertension,Heart Disease,18-30
P100753,51.0,Female,"headache, dizziness",133.0,117.0,271.0,Hypertension,Hypertension,46-60
P100754,25.0,Female,"cough, sore throat",122.0,88.0,197.0,Unknown,Flu,18-30
P100755,53.0,Male,"nausea, dizziness, sensitivity to light, headache",118.0,114.0,221.0,Family history of migraine,Migraine,46-60
P100756,85.0,Female,"headache, fatigue",161.0,104.0,214.0,Unknown,Hypertension,76+
P100757,69.0,Male,"fatigue, chest pain",151.0,164.0,276.0,High cholesterol,Heart Disease,61-75
P100758,58.0,Female,Unknown,125.0,65.0,157.0,Unknown,Healthy,46-60
P100759,45.0,Male,"fatigue, blurred vision, frequent urination, increased thirst",131.0,210.0,207.0,Family history of diabetes,Diabetes,31-45
P100760,18.0,Male,"cough, fever, sore throat",129.0,96.0,190.0,Seasonal flu,Flu,18-30
P100761,24.0,Male,"headache, dizziness",90.0,106.0,196.0,Unknown,Migraine,18-30
P100762,68.0,Female,"fatigue, dizziness",158.0,146.0,244.0,Unknown,Hypertension,61-75
P100763,33.0,Female,"fatigue, frequent urination, increased thirst, blurred vision",147.0,188.0,240.0,Unknown,Diabetes,31-45
P100764,34.0,Female,"increased thirst, fatigue, blurred vision, frequent urination",156.0,153.0,244.0,Unknown,Diabetes,31-45
P100765,43.0,Female,Unknown,126.0,105.0,213.0,Unknown,Healthy,31-45
P100766,28.0,Female,"blurred vision, frequent urination, fatigue, increased thirst",153.0,209.0,193.0,Family history of diabetes,Diabetes,18-30
P100767,25.0,Female,"headache, dizziness, fatigue",150.0,86.0,270.0,Unknown,Hypertension,18-30
P100768,45.0,Male,"fatigue, frequent urination, increased thirst",132.0,219.0,207.0,Family history of diabetes,Diabetes,31-45
P100769,31.0,Female,"increased thirst, fatigue",137.0,177.0,213.0,Family history of diabetes,Diabetes,31-45
P100770,33.0,Male,"chest pain, shortness of breath",124.0,90.0,151.0,Asthma,Pneumonia,31-45
P100771,33.0,Male,"headache, fatigue, dizziness",138.0,88.0,202.0,Unknown,Hypertension,31-45
P100772,55.0,Male,"body ache, cough",116.0,99.0,181.0,Seasonal flu,Flu,46-60
P100773,42.0,Male,"cough, fever",110.0,65.0,241.0,Asthma,Pneumonia,31-45
P100774,43.0,Female,"vomiting, fever, nausea, diarrhea",125.0,87.0,188.0,Previous gastrointestinal infection,Gastroenteritis,31-45
P100775,56.0,Female,"blurred vision, frequent urination, fatigue",134.0,169.0,212.0,Unknown,Diabetes,46-60
P100776,44.0,Male,Unknown,111.0,68.0,161.0,Unknown,Healthy,31-45
P100777,41.0,Female,"shortness of breath, chest pain",117.0,118.0,160.0,Asthma,Pneumonia,31-45
P100778,54.0,Male,"dizziness, fatigue, headache",160.0,108.0,261.0,Hypertension,Hypertension,46-60
P100779,57.0,Male,"vomiting, diarrhea, fever",131.0,86.0,188.0,Unknown,Gastroenteritis,46-60
P100780,43.0,Male,Unknown,100.0,84.0,228.0,Unknown,Healthy,31-45
P100781,47.0,Male,"fatigue, headache, dizziness",133.0,119.0,253.0,Unknown,Hypertension,46-60
P100782,33.0,Male,Unknown,127.0,91.0,196.0,Unknown,Healthy,31-45
P100783,31.0,Male,"sore throat, body ache",99.0,82.0,181.0,Seasonal flu,Flu,31-45
P100784,59.0,Male,"chest pain, cough, fever",129.0,109.0,170.0,Asthma,Pneumonia,46-60
P100785,54.0,Male,Unknown,140.0,93.0,159.0,Unknown,Healthy,46-60
P100786,54.0,Female,"dizziness, fatigue, chest pain, shortness of breath",170.0,93.0,224.0,High cholesterol,Heart Disease,46-60
P100787,51.0,Male,"vomiting, fever",129.0,92.0,211.0,Previous gastrointestinal infection,Gastroenteritis,46-60
P100788,47.0,Male,"shortness of breath, fatigue, dizziness",156.0,129.0,246.0,Hypertension,Heart Disease,46-60
P100789,58.0,Female,"abdominal pain, nausea",152.0,113.0,213.0,Previous gastrointestinal infection,Gastroenteritis,46-60
P100790,62.0,Male,"shortness of breath, chest pain",96.0,102.0,200.0,Previous respiratory infection,Pneumonia,61-75
P100791,61.0,Male,"fatigue, dizziness",147.0,130.0,234.0,Family history of hypertension,Hypertension,61-75
P100792,44.0,Male,"cough, sore throat",133.0,79.0,162.0,Seasonal flu,Flu,31-45
P100793,46.0,Female,"chest pain, shortness of breath, dizziness, fatigue",146.0,101.0,267.0,Heart disease,Heart Disease,46-60
P100794,50.0,Female,"blurred vision, frequent urination, fatigue",150.0,168.0,221.0,Diabetes,Diabetes,46-60
P100795,57.0,Female,"frequent urination, blurred vision, fatigue, increased thirst",134.0,208.0,249.0,Unknown,Diabetes,46-60
P100796,51.0,Female,"fatigue, dizziness",149.0,121.0,239.0,Heart disease,Heart Disease,46-60
P100797,50.0,Male,"blurred vision, frequent urination, increased thirst, fatigue",129.0,167.0,241.0,Diabetes,Diabetes,46-60
P100798,33.0,Male,"fatigue, dizziness, headache",142.0,142.0,275.0,Hypertension,Hypertension,31-45
P100799,58.0,Male,"nausea, dizziness, headache",119.0,96.0,204.0,Unknown,Migraine,46-60
P100800,85.0,Male,"nausea, sensitivity to light, headache, dizziness",135.0,158.0,222.0,Unknown,Migraine,76+
P100801,40.0,Male,"sensitivity to light, dizziness, headache, nausea",112.0,87.0,208.0,Family history of migraine,Migraine,31-45
P100802,47.0,Male,"fatigue, chest pain",160.0,94.0,301.0,High cholesterol,Heart Disease,46-60
P100803,38.0,Female,Unknown,124.0,87.0,186.0,Unknown,Healthy,31-45
P100804,38.0,Male,"chest pain, cough, shortness of breath, fever",140.0,96.0,208.0,Unknown,Pneumonia,31-45
P100805,72.0,Male,"fatigue, increased thirst",121.0,161.0,230.0,Family history of diabetes,Diabetes,61-75
P100806,35.0,Female,"fatigue, blurred vision, increased thirst",106.0,227.0,204.0,Unknown,Diabetes,31-45
P100807,38.0,Male,"nausea, sensitivity to light, dizziness",123.0,104.0,165.0,Family history of migraine,Migraine,31-45
P100808,19.0,Female,"fatigue, headache, dizziness",187.0,115.0,263.0,Family history of hypertension,Hypertension,18-30
P100809,33.0,Female,"body ache, sore throat, fever",137.0,88.0,207.0,Seasonal flu,Flu,31-45
P100810,18.0,Female,Unknown,103.0,73.0,191.0,Unknown,Healthy,18-30
P100811,57.0,Male,"fatigue, blurred vision, frequent urination",140.0,198.0,237.0,Diabetes,Diabetes,46-60
P100812,85.0,Male,"blurred vision, fatigue, frequent urination, increased thirst",149.0,145.0,255.0,Unknown,Diabetes,76+
P100813,40.0,Female,Unknown,96.0,66.0,165.0,Unknown,Healthy,31-45
P100814,18.0,Female,"chest pain, fever",140.0,91.0,169.0,Previous respiratory infection,Pneumonia,18-30
P100815,61.0,Female,"frequent urination, fatigue, increased thirst",133.0,206.0,237.0,Unknown,Diabetes,61-75
P100816,34.0,Male,Unknown,113.0,81.0,169.0,Unknown,Healthy,31-45
P100817,68.0,Male,Unknown,120.0,107.0,153.0,Unknown,Healthy,61-75
P100818,41.0,Male,"sore throat, fatigue, cough, fever",136.0,101.0,236.0,Unknown,Flu,31-45
P100819,35.0,Male,"fever, chest pain, shortness of breath",114.0,129.0,172.0,Asthma,Pneumonia,31-45
P100820,43.0,Male,"headache, dizziness, fatigue",127.0,76.0,214.0,Unknown,Hypertension,31-45
P100821,59.0,Female,"blurred vision, increased thirst",139.0,192.0,222.0,Unknown,Diabetes,46-60
P100822,42.0,Male,Unknown,97.0,98.0,222.0,Asthma,Pneumonia,31-45
P100823,38.0,Female,"fatigue, shortness of breath, dizziness, chest pain",141.0,135.0,202.0,Heart disease,Heart Disease,31-45
P100824,43.0,Female,"cough, chest pain, shortness of breath, fever",142.0,84.0,221.0,Previous respiratory infection,Pneumonia,31-45
P100825,24.0,Male,"vomiting, fever",122.0,92.0,162.0,Gastritis,Gastroenteritis,18-30
P100826,53.0,Female,"fatigue, blurred vision",148.0,172.0,233.0,Unknown,Diabetes,46-60
P100827,18.0,Female,"fever, cough, chest pain",130.0,74.0,171.0,Previous respiratory infection,Pneumonia,18-30
P100828,38.0,Male,"dizziness, fatigue",183.0,81.0,284.0,Family history of hypertension,Hypertension,31-45
P100829,59.0,Male,Unknown,110.0,83.0,184.0,Unknown,Healthy,46-60
P100830,51.0,Female,"headache, fatigue, dizziness",158.0,115.0,222.0,Unknown,Hypertension,46-60
P100831,56.0,Female,"fever, shortness of breath, chest pain",122.0,89.0,188.0,Unknown,Pneumonia,46-60
P100832,45.0,Female,"cough, body ache",134.0,94.0,192.0,Unknown,Flu,31-45
P100833,66.0,Female,"chest pain, shortness of breath, fatigue, dizziness",149.0,80.0,263.0,Family history of heart disease,Heart Disease,61-75
P100834,62.0,Male,"headache, sensitivity to light, dizziness, nausea",151.0,95.0,209.0,Unknown,Migraine,61-75
P100835,54.0,Female,"headache, sensitivity to light",118.0,124.0,197.0,Unknown,Migraine,46-60
P100836,62.0,Female,"fatigue, body ache",144.0,121.0,160.0,Seasonal flu,Flu,61-75
P100837,59.0,Female,"nausea, dizziness, sensitivity to light",135.0,101.0,207.0,Unknown,Migraine,46-60
P100838,39.0,Female,Unknown,114.0,96.0,191.0,Unknown,Healthy,31-45
P100839,23.0,Female,"body ache, sore throat",125.0,77.0,170.0,Seasonal flu,Flu,18-30
P100840,53.0,Female,"body ache, fatigue",126.0,139.0,208.0,Seasonal flu,Flu,46-60
P100841,55.0,Male,"frequent urination, increased thirst",139.0,220.0,228.0,Unknown,Diabetes,46-60
P100842,65.0,Female,"nausea, abdominal pain",119.0,106.0,187.0,Unknown,Gastroenteritis,61-75
P100843,30.0,Male,"sore throat, fatigue, body ache",108.0,154.0,216.0,Unknown,Flu,18-30
P100844,31.0,Female,Unknown,139.0,98.0,210.0,Family history of heart disease,Heart Disease,31-45
P100845,54.0,Female,"fatigue, frequent urination, blurred vision",110.0,147.0,211.0,Unknown,Diabetes,46-60
P100846,45.0,Female,Unknown,128.0,76.0,208.0,Unknown,Healthy,31-45
P100847,18.0,Male,"shortness of breath, fatigue, dizziness",124.0,104.0,294.0,Family history of heart disease,Heart Disease,18-30
P100848,52.0,Male,"sensitivity to light, nausea, headache",122.0,152.0,251.0,Family history of migraine,Migraine,46-60
P100849,18.0,Male,"fatigue, increased thirst, blurred vision, frequent urination",136.0,159.0,221.0,Unknown,Diabetes,18-30
P100850,30.0,Male,Unknown,125.0,69.0,186.0,Unknown,Healthy,18-30
P100851,69.0,Male,"headache, fatigue, dizziness",130.0,97.0,262.0,Unknown,Hypertension,61-75
P100852,77.0,Female,"dizziness, fatigue, headache",155.0,144.0,275.0,Family history of hypertension,Hypertension,76+
P100853,25.0,Male,Unknown,119.0,109.0,182.0,Unknown,Healthy,18-30
P100854,40.0,Female,Unknown,116.0,80.0,199.0,Unknown,Healthy,31-45
P100855,47.0,Male,"dizziness, headache, fatigue",170.0,70.0,249.0,Hypertension,Hypertension,46-60
P100856,76.0,Female,"sore throat, body ache, fever",115.0,84.0,209.0,Unknown,Flu,76+
P100857,38.0,Female,"headache, sensitivity to light",94.0,135.0,172.0,Family history of migraine,Migraine,31-45
P100858,38.0,Female,Unknown,126.0,105.0,169.0,Unknown,Healthy,31-45
P100859,72.0,Female,"dizziness, shortness of breath",143.0,124.0,248.0,High cholesterol,Heart Disease,61-75
P100860,40.0,Female,"cough, body ache, fever, sore throat",95.0,141.0,160.0,Seasonal flu,Flu,31-45
P100861,58.0,Female,"sensitivity to light, headache, dizziness, nausea",124.0,145.0,158.0,Unknown,Migraine,46-60
P100862,21.0,Female,"dizziness, headache, nausea",137.0,92.0,180.0,Family history of migraine,Migraine,18-30
P100863,43.0,Male,"fever, diarrhea, nausea",100.0,96.0,181.0,Gastritis,Gastroenteritis,31-45
P100864,18.0,Male,"sore throat, fatigue, cough, fever",149.0,81.0,187.0,Unknown,Flu,18-30
P100865,28.0,Female,"fatigue, blurred vision, frequent urination, increased thirst",117.0,161.0,235.0,Family history of diabetes,Diabetes,18-30
P100866,60.0,Male,Unknown,120.0,65.0,186.0,Unknown,Healthy,46-60
P100867,45.0,Female,Unknown,99.0,65.0,172.0,Unknown,Healthy,31-45
P100868,41.0,Female,"abdominal pain, diarrhea",118.0,65.0,165.0,Previous gastrointestinal infection,Gastroenteritis,31-45
P100869,33.0,Male,"blurred vision, increased thirst, fatigue",128.0,193.0,244.0,Family history of diabetes,Diabetes,31-45
P100870,42.0,Female,"headache, fatigue",130.0,76.0,235.0,Hypertension,Hypertension,31-45
P100871,51.0,Female,"nausea, headache, dizziness",165.0,143.0,186.0,Unknown,Migraine,46-60
P100872,63.0,Female,"fatigue, blurred vision",129.0,160.0,224.0,Unknown,Diabetes,61-75
P100873,18.0,Female,Unknown,104.0,123.0,155.0,Unknown,Healthy,18-30
P100874,32.0,Female,"dizziness, chest pain",157.0,105.0,240.0,Family history of heart disease,Heart Disease,31-45
P100875,49.0,Female,"headache, dizziness, sensitivity to light, nausea",150.0,66.0,182.0,Family history of migraine,Migraine,46-60
P100876,44.0,Female,Unknown,132.0,120.0,171.0,Unknown,Healthy,31-45
P100877,53.0,Male,"chest pain, shortness of breath, fatigue, dizziness",131.0,149.0,272.0,High cholesterol,Heart Disease,46-60
P100878,51.0,Female,"fatigue, shortness of breath, chest pain, dizziness",150.0,98.0,266.0,Heart disease,Heart Disease,46-60
P100879,41.0,Female,"fever, chest pain, shortness of breath",99.0,95.0,229.0,Previous respiratory infection,Pneumonia,31-45
P100880,37.0,Male,"shortness of breath, cough",137.0,81.0,220.0,Previous respiratory infection,Pneumonia,31-45
P100881,42.0,Male,"chest pain, dizziness",123.0,113.0,301.0,Hypertension,Heart Disease,31-45
P100882,66.0,Female,"shortness of breath, fever, cough",119.0,111.0,211.0,Unknown,Pneumonia,61-75
P100883,34.0,Male,Unknown,114.0,82.0,207.0,Unknown,Healthy,31-45
P100884,45.0,Female,"body ache, fever, fatigue, cough",127.0,65.0,178.0,Unknown,Flu,31-45
P100885,49.0,Male,"headache, dizziness",148.0,99.0,259.0,Hypertension,Hypertension,46-60
P100886,73.0,Male,"shortness of breath, dizziness",172.0,138.0,245.0,Family history of heart disease,Heart Disease,61-75
P100887,41.0,Female,"shortness of breath, chest pain, dizziness",155.0,110.0,219.0,Family history of heart disease,Heart Disease,31-45
P100888,62.0,Male,"frequent urination, increased thirst, fatigue",144.0,169.0,265.0,Diabetes,Diabetes,61-75
P100889,67.0,Male,"dizziness, fatigue",138.0,96.0,212.0,Hypertension,Hypertension,61-75
P100890,45.0,Female,"nausea, sensitivity to light",148.0,86.0,206.0,Family history of migraine,Migraine,31-45
P100891,42.0,Female,"shortness of breath, dizziness, fatigue",134.0,146.0,233.0,Unknown,Heart Disease,31-45
P100892,40.0,Male,Unknown,139.0,66.0,204.0,Unknown,Healthy,31-45
P100893,42.0,Female,"headache, fatigue, dizziness",179.0,126.0,268.0,Family history of hypertension,Hypertension,31-45
P100894,61.0,Female,Unknown,142.0,177.0,241.0,Family history of diabetes,Diabetes,61-75
P100895,50.0,Female,"headache, sensitivity to light, nausea",139.0,106.0,226.0,Unknown,Migraine,46-60
P100896,50.0,Male,Unknown,90.0,77.0,179.0,Unknown,Healthy,46-60
P100897,27.0,Male,"headache, dizziness, fatigue",145.0,99.0,288.0,Hypertension,Hypertension,18-30
P100898,30.0,Female,"fatigue, headache",164.0,107.0,253.0,Hypertension,Hypertension,18-30
P100899,82.0,Female,"fatigue, dizziness, headache",171.0,109.0,224.0,Unknown,Hypertension,76+
P100900,43.0,Male,Unknown,104.0,108.0,191.0,Unknown,Flu,31-45
P100901,33.0,Female,"fever, sore throat, body ache",115.0,108.0,184.0,Seasonal flu,Flu,31-45
P100902,70.0,Male,Unknown,120.0,165.0,237.0,Family history of hypertension,Hypertension,61-75
P100903,51.0,Female,"frequent urination, blurred vision, increased thirst, fatigue",139.0,180.0,186.0,Family history of diabetes,Diabetes,46-60
P100904,56.0,Female,"body ache, sore throat, fatigue",97.0,65.0,201.0,Seasonal flu,Flu,46-60
P100905,44.0,Female,Unknown,132.0,117.0,145.0,Unknown,Healthy,31-45
P100906,41.0,Female,"cough, shortness of breath, fever, chest pain",142.0,98.0,132.0,Asthma,Pneumonia,31-45
P100907,43.0,Male,"fever, sore throat, fatigue, cough",114.0,145.0,181.0,Unknown,Flu,31-45
P100908,22.0,Female,"fatigue, increased thirst",135.0,199.0,202.0,Diabetes,Diabetes,18-30
P100909,45.0,Male,"fatigue, dizziness, headache",148.0,100.0,217.0,Hypertension,Hypertension,31-45
P100910,51.0,Female,"chest pain, dizziness",150.0,133.0,182.0,High cholesterol,Heart Disease,46-60
P100911,77.0,Female,"headache, nausea, sensitivity to light",114.0,94.0,181.0,Migraine,Migraine,76+
P100912,47.0,Male,Unknown,125.0,93.0,174.0,Unknown,Healthy,46-60
P100913,18.0,Male,Unknown,90.0,100.0,157.0,Unknown,Healthy,18-30
P100914,44.0,Male,Unknown,90.0,116.0,187.0,Unknown,Healthy,31-45
P100915,85.0,Male,Unknown,129.0,122.0,219.0,Unknown,Healthy,76+
P100916,61.0,Male,Unknown,116.0,98.0,194.0,Unknown,Healthy,61-75
P100917,32.0,Female,"fatigue, frequent urination",133.0,223.0,247.0,Unknown,Diabetes,31-45
P100918,56.0,Male,"frequent urination, fatigue, blurred vision, increased thirst",125.0,167.0,254.0,Unknown,Diabetes,46-60
P100919,33.0,Female,"shortness of breath, chest pain, dizziness",170.0,78.0,228.0,Heart disease,Heart Disease,31-45
P100920,23.0,Female,"fatigue, body ache",119.0,65.0,196.0,Seasonal flu,Flu,18-30
P100921,40.0,Female,"blurred vision, fatigue, increased thirst",134.0,203.0,248.0,Unknown,Diabetes,31-45
P100922,48.0,Male,"fever, vomiting",121.0,96.0,178.0,Unknown,Gastroenteritis,46-60
P100923,18.0,Female,"chest pain, shortness of breath",135.0,100.0,169.0,Previous respiratory infection,Pneumonia,18-30
P100924,26.0,Female,"cough, body ache",126.0,84.0,199.0,Seasonal flu,Flu,18-30
P100925,46.0,Female,"fatigue, headache, dizziness",157.0,101.0,203.0,Hypertension,Hypertension,46-60
P100926,39.0,Female,"dizziness, headache, fatigue",160.0,92.0,211.0,Family history of hypertension,Hypertension,31-45
P100927,53.0,Female,"fatigue, headache, dizziness",127.0,108.0,224.0,Hypertension,Hypertension,46-60
P100928,25.0,Female,Unknown,90.0,85.0,185.0,Unknown,Healthy,18-30
P100929,58.0,Female,"chest pain, cough, shortness of breath, fever",127.0,116.0,201.0,Asthma,Pneumonia,46-60
P100930,26.0,Male,"dizziness, sensitivity to light",118.0,102.0,216.0,Family history of migraine,Migraine,18-30
P100931,74.0,Female,"dizziness, fatigue, shortness of breath, chest pain",159.0,114.0,239.0,Family history of heart disease,Heart Disease,61-75
P100932,18.0,Male,"dizziness, chest pain, shortness of breath",141.0,77.0,226.0,High cholesterol,Heart Disease,18-30
P100933,27.0,Male,"shortness of breath, dizziness, chest pain",151.0,77.0,264.0,Hypertension,Heart Disease,18-30
P100934,53.0,Female,"nausea, dizziness",108.0,168.0,177.0,Family history of migraine,Migraine,46-60
P100935,74.0,Male,"abdominal pain, fever, vomiting",123.0,137.0,179.0,Gastritis,Gastroenteritis,61-75
P100936,51.0,Female,"dizziness, fatigue",133.0,142.0,195.0,Family history of hypertension,Hypertension,46-60
P100937,56.0,Male,Unknown,123.0,80.0,187.0,Unknown,Healthy,46-60
P100938,46.0,Female,"fatigue, increased thirst, blurred vision, frequent urination",106.0,172.0,262.0,Unknown,Diabetes,46-60
P100939,29.0,Male,Unknown,118.0,70.0,150.0,Unknown,Healthy,18-30
P100940,38.0,Female,"increased thirst, blurred vision",110.0,141.0,248.0,Family history of diabetes,Diabetes,31-45
P100941,25.0,Male,"headache, dizziness, fatigue",142.0,93.0,233.0,Family history of hypertension,Hypertension,18-30
P100942,24.0,Male,"vomiting, fever, diarrhea",127.0,108.0,141.0,Previous gastrointestinal infection,Gastroenteritis,18-30
P100943,46.0,Male,"fatigue, dizziness, headache",156.0,131.0,218.0,Family history of hypertension,Hypertension,46-60
P100944,27.0,Female,"cough, fever",95.0,75.0,163.0,Seasonal flu,Flu,18-30
P100945,51.0,Female,"sore throat, fatigue",113.0,96.0,184.0,Unknown,Flu,46-60
P100946,24.0,Female,"dizziness, headache",126.0,122.0,244.0,Unknown,Hypertension,18-30
P100947,51.0,Male,"sensitivity to light, nausea, headache",101.0,88.0,241.0,Family history of migraine,Migraine,46-60
P100948,38.0,Male,Unknown,116.0,92.0,142.0,Unknown,Healthy,31-45
P100949,70.0,Male,Unknown,128.0,107.0,171.0,Unknown,Healthy,61-75
P100950,52.0,Female,"fatigue, dizziness, chest pain, shortness of breath",153.0,126.0,235.0,High cholesterol,Heart Disease,46-60
P100951,67.0,Female,"sore throat, fever",133.0,112.0,164.0,Seasonal flu,Flu,61-75
P100952,33.0,Male,"fatigue, dizziness",149.0,94.0,238.0,Family history of hypertension,Hypertension,31-45
P100953,47.0,Female,"fatigue, headache",148.0,99.0,238.0,Unknown,Hypertension,46-60
P100954,29.0,Female,"fatigue, headache",133.0,82.0,191.0,Unknown,Hypertension,18-30
P100955,39.0,Male,Unknown,109.0,65.0,177.0,Unknown,Healthy,31-45
P100956,42.0,Male,Unknown,97.0,89.0,148.0,Unknown,Healthy,31-45
P100957,34.0,Male,"nausea, diarrhea, vomiting",104.0,112.0,186.0,Gastritis,Gastroenteritis,31-45
P100958,25.0,Male,"cough, body ache",119.0,66.0,216.0,Unknown,Flu,18-30
P100959,22.0,Male,"body ache, cough, sore throat, fever",115.0,101.0,197.0,Seasonal flu,Flu,18-30
P100960,18.0,Female,"sore throat, fever, cough",159.0,112.0,189.0,Seasonal flu,Flu,18-30
P100961,28.0,Male,"fever, body ache",99.0,65.0,174.0,Unknown,Flu,18-30
P100962,57.0,Female,"sore throat, fatigue, fever",129.0,98.0,194.0,Unknown,Flu,46-60
P100963,19.0,Female,"fatigue, frequent urination, blurred vision, increased thirst",107.0,202.0,233.0,Family history of diabetes,Diabetes,18-30
P100964,23.0,Female,"increased thirst, fatigue, blurred vision, frequent urination",123.0,179.0,232.0,Unknown,Diabetes,18-30
P100965,76.0,Female,Unknown,117.0,65.0,182.0,Unknown,Healthy,76+
P100966,35.0,Male,"body ache, cough, fatigue, sore throat",131.0,113.0,193.0,Unknown,Flu,31-45
P100967,51.0,Male,Unknown,111.0,77.0,148.0,Unknown,Healthy,46-60
P100968,57.0,Male,"headache, fatigue",150.0,129.0,223.0,Hypertension,Hypertension,46-60
P100969,57.0,Female,"fatigue, body ache, sore throat",117.0,89.0,209.0,Seasonal flu,Flu,46-60
P100970,20.0,Female,"fatigue, dizziness",127.0,104.0,253.0,Family history of hypertension,Hypertension,18-30
P100971,42.0,Male,"dizziness, fatigue, headache",141.0,98.0,240.0,Hypertension,Hypertension,31-45
P100972,18.0,Male,"fatigue, increased thirst, blurred vision, frequent urination",122.0,165.0,255.0,Diabetes,Diabetes,18-30
P100973,85.0,Male,"fatigue, blurred vision, frequent urination, increased thirst",140.0,170.0,245.0,Diabetes,Diabetes,76+
P100974,19.0,Male,Unknown,119.0,81.0,167.0,Unknown,Healthy,18-30
P100975,28.0,Female,"dizziness, shortness of breath, fatigue",140.0,86.0,222.0,Family history of heart disease,Heart Disease,18-30
P100976,28.0,Male,"cough, fever, shortness of breath, chest pain",119.0,110.0,224.0,Asthma,Pneumonia,18-30
P100977,21.0,Male,"sore throat, fatigue",93.0,99.0,204.0,Seasonal flu,Flu,18-30
P100978,69.0,Male,"fatigue, shortness of breath",158.0,86.0,303.0,Family history of heart disease,Heart Disease,61-75
P100979,85.0,Male,"fever, fatigue, body ache",118.0,133.0,250.0,Seasonal flu,Flu,76+
P100980,38.0,Male,"fatigue, dizziness",160.0,105.0,206.0,Hypertension,Hypertension,31-45
P100981,24.0,Female,Unknown,131.0,90.0,143.0,Unknown,Healthy,18-30
P100982,18.0,Male,"diarrhea, nausea",111.0,107.0,120.0,Previous gastrointestinal infection,Gastroenteritis,18-30
P100983,42.0,Female,"sensitivity to light, nausea, headache",109.0,105.0,216.0,Migraine,Migraine,31-45
P100984,41.0,Male,"cough, fatigue, body ache",120.0,126.0,205.0,Unknown,Flu,31-45
P100985,35.0,Male,"fatigue, headache, dizziness",154.0,102.0,238.0,Hypertension,Hypertension,31-45
P100986,50.0,Male,Unknown,112.0,116.0,150.0,Unknown,Healthy,46-60
P100987,53.0,Male,"shortness of breath, dizziness, chest pain, fatigue",140.0,121.0,254.0,High cholesterol,Heart Disease,46-60
P100988,51.0,Male,"fatigue, blurred vision, increased thirst, frequent urination",141.0,185.0,231.0,Unknown,Diabetes,46-60
P100989,41.0,Male,"dizziness, fatigue, shortness of breath",152.0,124.0,273.0,Heart disease,Heart Disease,31-45
P100990,27.0,Female,"diarrhea, abdominal pain, vomiting, nausea",110.0,120.0,191.0,Gastritis,Gastroenteritis,18-30
P100991,57.0,Female,"cough, chest pain, shortness of breath, fever",105.0,122.0,211.0,Unknown,Pneumonia,46-60
P100992,46.0,Female,"nausea, headache, dizziness",131.0,90.0,192.0,Family history of migraine,Migraine,46-60
P100993,61.0,Male,"abdominal pain, diarrhea, fever, vomiting",110.0,87.0,220.0,Gastritis,Gastroenteritis,61-75
P100994,59.0,Female,"headache, dizziness, fatigue",157.0,113.0,256.0,Unknown,Hypertension,46-60
P100995,22.0,Female,Unknown,114.0,70.0,145.0,Unknown,Healthy,18-30
P100996,22.0,Male,"sore throat, fatigue",90.0,72.0,219.0,Unknown,Flu,18-30
P100997,33.0,Male,"chest pain, shortness of breath, cough, fever",125.0,65.0,220.0,Unknown,Pneumonia,31-45
P100998,28.0,Female,Unknown,136.0,134.0,233.0,Diabetes,Diabetes,18-30
P100999,59.0,Female,Unknown,127.0,139.0,188.0,Unknown,Healthy,46-60
P101000,52.0,Male,"fatigue, dizziness, headache",154.0,98.0,279.0,Unknown,Hypertension,46-60
P101001,65.0,Male,"blurred vision, frequent urination, fatigue",108.0,219.0,190.0,Diabetes,Diabetes,61-75
P101002,53.0,Female,"fatigue, body ache, sore throat, fever",140.0,112.0,221.0,Unknown,Flu,46-60
P101003,50.0,Male,"increased thirst, frequent urination, fatigue",139.0,172.0,215.0,Diabetes,Diabetes,46-60
P101004,66.0,Female,"fatigue, headache, dizziness",138.0,83.0,268.0,Family history of hypertension,Hypertension,61-75
P101005,54.0,Female,"fever, cough, chest pain",117.0,105.0,198.0,Previous respiratory infection,Pneumonia,46-60
P101006,47.0,Female,"fatigue, chest pain",150.0,158.0,226.0,Family history of heart disease,Heart Disease,46-60
P101007,71.0,Female,Unknown,130.0,133.0,171.0,Unknown,Healthy,61-75
P101008,48.0,Male,"dizziness, chest pain",140.0,123.0,280.0,High cholesterol,Heart Disease,46-60
P101009,41.0,Female,"nausea, headache, dizziness",135.0,73.0,189.0,Unknown,Migraine,31-45
P101010,32.0,Female,"fatigue, body ache, sore throat",94.0,77.0,172.0,Unknown,Flu,31-45
P101011,58.0,Female,"chest pain, cough",114.0,87.0,181.0,Previous respiratory infection,Pneumonia,46-60
P101012,67.0,Male,"fever, cough, shortness of breath",101.0,137.0,213.0,Unknown,Pneumonia,61-75
P101013,45.0,Male,"body ache, fever, fatigue",108.0,137.0,232.0,Unknown,Flu,31-45
P101014,68.0,Male,Unknown,141.0,102.0,131.0,Unknown,Healthy,61-75
P101015,18.0,Male,"shortness of breath, chest pain, dizziness",170.0,103.0,317.0,Hypertension,Heart Disease,18-30
P101016,45.0,Female,"headache, dizziness, fatigue",154.0,145.0,243.0,Hypertension,Hypertension,31-45
P101017,45.0,Female,"sensitivity to light, headache",115.0,77.0,209.0,Family history of migraine,Migraine,31-45
P101018,34.0,Female,"fever, abdominal pain, nausea, diarrhea",113.0,95.0,175.0,Gastritis,Gastroenteritis,31-45
P101019,85.0,Female,"blurred vision, fatigue, frequent urination, increased thirst",146.0,192.0,233.0,Diabetes,Diabetes,76+
P101020,45.0,Male,"fatigue, cough",99.0,82.0,195.0,Seasonal flu,Flu,31-45
P101021,39.0,Male,Unknown,107.0,77.0,152.0,Unknown,Healthy,31-45
P101022,46.0,Male,"dizziness, headache",144.0,84.0,176.0,Migraine,Migraine,46-60
P101023,18.0,Male,Unknown,97.0,116.0,201.0,Unknown,Healthy,18-30
P101024,33.0,Male,"sore throat, cough, body ache",108.0,140.0,150.0,Unknown,Flu,31-45
P101025,63.0,Male,"shortness of breath, cough",129.0,110.0,207.0,Asthma,Pneumonia,61-75
P101026,35.0,Male,"shortness of breath, chest pain, dizziness, fatigue",148.0,108.0,244.0,Heart disease,Heart Disease,31-45
P101027,32.0,Female,Unknown,105.0,76.0,152.0,Unknown,Healthy,31-45
P101028,68.0,Male,"fatigue, chest pain, shortness of breath, dizziness",151.0,122.0,307.0,High cholesterol,Heart Disease,61-75
P101029,69.0,Male,"sensitivity to light, headache, nausea, dizziness",137.0,93.0,177.0,Family history of migraine,Migraine,61-75
P101030,55.0,Male,"dizziness, fatigue, shortness of breath, chest pain",175.0,116.0,230.0,High cholesterol,Heart Disease,46-60
P101031,46.0,Female,"body ache, fever",118.0,108.0,184.0,Unknown,Flu,46-60
P101032,42.0,Female,"sensitivity to light, dizziness, nausea",123.0,89.0,176.0,Family history of migraine,Migraine,31-45
P101033,32.0,Male,"sore throat, fatigue, cough, body ache",140.0,94.0,188.0,Unknown,Flu,31-45
P101034,29.0,Male,Unknown,105.0,84.0,179.0,Unknown,Healthy,18-30
P101035,28.0,Female,"fatigue, fever",99.0,90.0,192.0,Seasonal flu,Flu,18-30
P101036,35.0,Female,"chest pain, shortness of breath",128.0,91.0,188.0,Previous respiratory infection,Pneumonia,31-45
P101037,28.0,Female,"shortness of breath, fatigue, dizziness, chest pain",158.0,129.0,235.0,Family history of heart disease,Heart Disease,18-30
P101038,19.0,Female,"dizziness, chest pain, shortness of breath, fatigue",146.0,71.0,265.0,Heart disease,Heart Disease,18-30
P101039,50.0,Female,"fatigue, body ache, sore throat, cough",121.0,137.0,188.0,Unknown,Flu,46-60
P101040,50.0,Female,"frequent urination, increased thirst",113.0,176.0,214.0,Diabetes,Diabetes,46-60
P101041,75.0,Male,"frequent urination, blurred vision",137.0,193.0,267.0,Diabetes,Diabetes,61-75
P101042,35.0,Female,"cough, chest pain",141.0,116.0,188.0,Unknown,Pneumonia,31-45
P101043,51.0,Male,"chest pain, cough",129.0,89.0,220.0,Asthma,Pneumonia,46-60
P101044,51.0,Female,"fever, cough",124.0,84.0,224.0,Unknown,Pneumonia,46-60
P101045,42.0,Male,"blurred vision, increased thirst",126.0,149.0,255.0,Family history of diabetes,Diabetes,31-45
P101046,46.0,Male,"dizziness, fatigue, chest pain",139.0,114.0,274.0,Hypertension,Heart Disease,46-60
P101047,59.0,Female,"fatigue, headache",157.0,130.0,241.0,Unknown,Hypertension,46-60
P101048,52.0,Female,"abdominal pain, vomiting",125.0,86.0,188.0,Previous gastrointestinal infection,Gastroenteritis,46-60
P101049,42.0,Male,Unknown,122.0,105.0,172.0,Unknown,Healthy,31-45
P101050,40.0,Female,"fatigue, headache, dizziness",136.0,65.0,185.0,Family history of hypertension,Hypertension,31-45
P101051,23.0,Male,"shortness of breath, chest pain, fever",99.0,89.0,206.0,Asthma,Pneumonia,18-30
P101052,32.0,Male,"fatigue, frequent urination, increased thirst",133.0,194.0,228.0,Family history of diabetes,Diabetes,31-45
P101053,35.0,Female,"headache, dizziness, fatigue",142.0,105.0,256.0,Family history of hypertension,Hypertension,31-45
P101054,27.0,Male,"increased thirst, frequent urination, fatigue, blurred vision",154.0,149.0,207.0,Family history of diabetes,Diabetes,18-30
P101055,53.0,Male,"fatigue, headache, dizziness",179.0,99.0,256.0,Family history of hypertension,Hypertension,46-60
P101056,66.0,Female,"sensitivity to light, headache",156.0,65.0,166.0,Family history of migraine,Migraine,61-75
P101057,31.0,Male,Unknown,100.0,66.0,147.0,Unknown,Healthy,31-45
P101058,51.0,Male,"dizziness, headache, fatigue",160.0,136.0,180.0,Hypertension,Hypertension,46-60
P101059,28.0,Male,"sore throat, body ache, cough",130.0,84.0,183.0,Unknown,Flu,18-30
P101060,41.0,Female,"headache, nausea, sensitivity to light, dizziness",134.0,88.0,176.0,Migraine,Migraine,31-45
P101061,34.0,Male,Unknown,109.0,65.0,154.0,Unknown,Healthy,31-45
P101062,56.0,Male,"chest pain, shortness of breath",146.0,70.0,203.0,Previous respiratory infection,Pneumonia,46-60
P101063,34.0,Female,"dizziness, fatigue",149.0,134.0,226.0,Unknown,Hypertension,31-45
P101064,63.0,Male,"cough, shortness of breath, fever",131.0,121.0,162.0,Previous respiratory infection,Pneumonia,61-75
P101065,42.0,Male,"shortness of breath, fatigue",124.0,87.0,315.0,High cholesterol,Heart Disease,31-45
P101066,35.0,Female,Unknown,123.0,76.0,175.0,Unknown,Healthy,31-45
P101067,25.0,Female,"fatigue, dizziness",139.0,110.0,225.0,Heart disease,Heart Disease,18-30
P101068,50.0,Male,"dizziness, sensitivity to light, headache",131.0,74.0,180.0,Unknown,Migraine,46-60
P101069,61.0,Female,"fatigue, blurred vision, increased thirst",138.0,132.0,207.0,Diabetes,Diabetes,61-75
P101070,51.0,Female,"fatigue, shortness of breath",150.0,114.0,252.0,Family history of heart disease,Heart Disease,46-60
P101071,84.0,Male,Unknown,122.0,114.0,217.0,Unknown,Healthy,76+
P101072,70.0,Female,"fever, cough",142.0,122.0,196.0,Previous respiratory infection,Pneumonia,61-75
P101073,41.0,Female,"sore throat, cough",117.0,119.0,234.0,Seasonal flu,Flu,31-45
P101074,41.0,Female,Unknown,95.0,65.0,167.0,Unknown,Healthy,31-45
P101075,54.0,Female,Unknown,126.0,96.0,190.0,Unknown,Healthy,46-60
P101076,32.0,Female,"dizziness, shortness of breath",132.0,107.0,277.0,High cholesterol,Heart Disease,31-45
P101077,66.0,Female,"sore throat, fever, fatigue, body ache",106.0,104.0,223.0,Seasonal flu,Flu,61-75
P101078,52.0,Female,"sore throat, body ache, fatigue",108.0,98.0,223.0,Unknown,Flu,46-60
P101079,50.0,Female,"shortness of breath, fever, cough, chest pain",129.0,90.0,187.0,Unknown,Pneumonia,46-60
P101080,58.0,Female,"shortness of breath, fatigue, chest pain, dizziness",147.0,65.0,257.0,Hypertension,Heart Disease,46-60
P101081,75.0,Female,"dizziness, fatigue, headache",127.0,144.0,184.0,Unknown,Hypertension,61-75
P101082,49.0,Female,Unknown,111.0,100.0,174.0,Unknown,Healthy,46-60
P101083,44.0,Male,Unknown,132.0,65.0,204.0,Unknown,Healthy,31-45
P101084,72.0,Male,"vomiting, diarrhea, abdominal pain",117.0,114.0,215.0,Unknown,Gastroenteritis,61-75
P101085,62.0,Female,Unknown,117.0,86.0,179.0,Unknown,Healthy,61-75
P101086,41.0,Male,"sensitivity to light, dizziness, headache",138.0,89.0,235.0,Migraine,Migraine,31-45
P101087,46.0,Female,"nausea, dizziness, sensitivity to light",135.0,82.0,186.0,Unknown,Migraine,46-60
P101088,49.0,Female,"nausea, headache, sensitivity to light, dizziness",139.0,112.0,179.0,Migraine,Migraine,46-60
P101089,52.0,Female,"fatigue, sore throat, body ache",90.0,85.0,180.0,Unknown,Flu,46-60
P101090,23.0,Male,"body ache, cough, fatigue, sore throat",141.0,71.0,159.0,Unknown,Flu,18-30
P101091,20.0,Female,"fatigue, dizziness, headache",155.0,130.0,248.0,Unknown,Hypertension,18-30
P101092,31.0,Male,"cough, chest pain",158.0,96.0,197.0,Unknown,Pneumonia,31-45
P101093,30.0,Female,"fatigue, dizziness",137.0,104.0,250.0,Unknown,Hypertension,18-30
P101094,35.0,Male,"dizziness, headache",125.0,124.0,226.0,Hypertension,Hypertension,31-45
P101095,57.0,Male,"shortness of breath, chest pain",128.0,91.0,194.0,Previous respiratory infection,Pneumonia,46-60
P101096,43.0,Female,"chest pain, shortness of breath",142.0,105.0,202.0,High cholesterol,Heart Disease,31-45
P101097,49.0,Female,"fatigue, headache",161.0,119.0,248.0,Unknown,Hypertension,46-60
P101098,25.0,Female,"diarrhea, fever, abdominal pain",129.0,65.0,186.0,Unknown,Gastroenteritis,18-30
P101099,38.0,Male,Unknown,114.0,95.0,150.0,Unknown,Healthy,31-45
P101100,56.0,Male,"fatigue, dizziness, headache",150.0,97.0,238.0,Hypertension,Hypertension,46-60
P101101,56.0,Male,"blurred vision, fatigue, increased thirst",141.0,194.0,221.0,Diabetes,Diabetes,46-60
P101102,34.0,Female,"shortness of breath, fatigue",140.0,125.0,295.0,Unknown,Heart Disease,31-45
P101103,49.0,Female,"abdominal pain, vomiting, diarrhea",114.0,107.0,163.0,Gastritis,Gastroenteritis,46-60
P101104,83.0,Male,"nausea, vomiting, abdominal pain, fever",139.0,71.0,204.0,Unknown,Gastroenteritis,76+
P101105,46.0,Male,"frequent urination, increased thirst, blurred vision",150.0,170.0,199.0,Family history of diabetes,Diabetes,46-60
P101106,34.0,Male,"fever, abdominal pain, diarrhea, vomiting",131.0,68.0,172.0,Gastritis,Gastroenteritis,31-45
P101107,43.0,Female,"increased thirst, fatigue, frequent urination, blurred vision",129.0,171.0,231.0,Unknown,Diabetes,31-45
P101108,48.0,Male,"dizziness, fatigue",117.0,66.0,251.0,Heart disease,Heart Disease,46-60
P101109,43.0,Male,Unknown,114.0,65.0,177.0,Unknown,Healthy,31-45
P101110,45.0,Male,"dizziness, headache",140.0,137.0,246.0,Family history of hypertension,Hypertension,31-45
P101111,21.0,Male,"dizziness, headache",145.0,113.0,221.0,Hypertension,Hypertension,18-30
P101112,30.0,Male,"body ache, fever, sore throat",109.0,89.0,208.0,Seasonal flu,Flu,18-30
P101113,43.0,Male,"cough, fever, shortness of breath",125.0,83.0,185.0,Asthma,Pneumonia,31-45
P101114,43.0,Female,Unknown,101.0,68.0,175.0,Unknown,Healthy,31-45
P101115,36.0,Female,Unknown,96.0,94.0,185.0,Unknown,Healthy,31-45
P101116,43.0,Male,"fatigue, increased thirst, blurred vision",149.0,164.0,230.0,Unknown,Diabetes,31-45
P101117,47.0,Female,"increased thirst, frequent urination, blurred vision",119.0,207.0,241.0,Unknown,Diabetes,46-60
P101118,61.0,Male,"nausea, abdominal pain, vomiting, fever",121.0,97.0,199.0,Gastritis,Gastroenteritis,61-75
P101119,44.0,Female,"dizziness, fatigue, headache",164.0,112.0,249.0,Family history of hypertension,Hypertension,31-45
P101120,53.0,Female,Unknown,130.0,65.0,172.0,Unknown,Healthy,46-60
P101121,37.0,Male,"cough, chest pain, fever, shortness of breath",129.0,93.0,166.0,Asthma,Pneumonia,31-45
P101122,56.0,Female,"frequent urination, fatigue, blurred vision, increased thirst",138.0,179.0,193.0,Diabetes,Diabetes,46-60
P101123,52.0,Female,"fever, abdominal pain, diarrhea, vomiting",129.0,91.0,149.0,Unknown,Gastroenteritis,46-60
P101124,61.0,Female,"dizziness, headache",173.0,104.0,284.0,Family history of hypertension,Hypertension,61-75
P101125,58.0,Male,"fatigue, fever, sore throat",129.0,111.0,139.0,Unknown,Flu,46-60
P101126,56.0,Male,"body ache, cough",97.0,137.0,221.0,Unknown,Flu,46-60
P101127,44.0,Male,"fever, sore throat",113.0,104.0,170.0,Unknown,Flu,31-45
P101128,50.0,Female,"sensitivity to light, dizziness",135.0,125.0,224.0,Migraine,Migraine,46-60
P101129,64.0,Female,"fever, cough, chest pain, shortness of breath",121.0,121.0,144.0,Previous respiratory infection,Pneumonia,61-75
P101130,35.0,Male,Unknown,137.0,113.0,170.0,Unknown,Healthy,31-45
P101131,35.0,Female,Unknown,113.0,76.0,211.0,Unknown,Healthy,31-45
P101132,49.0,Male,"cough, fever, body ache",123.0,97.0,208.0,Seasonal flu,Flu,46-60
P101133,53.0,Male,"fatigue, frequent urination, blurred vision, increased thirst",149.0,170.0,219.0,Unknown,Diabetes,46-60
P101134,32.0,Female,"sensitivity to light, headache",119.0,108.0,146.0,Family history of migraine,Migraine,31-45
P101135,45.0,Male,Unknown,118.0,109.0,146.0,Unknown,Healthy,31-45
P101136,44.0,Female,"fatigue, chest pain",158.0,119.0,288.0,Family history of heart disease,Heart Disease,31-45
P101137,18.0,Female,"cough, body ache",96.0,114.0,176.0,Unknown,Flu,18-30
P101138,42.0,Female,"fever, fatigue",116.0,88.0,188.0,Seasonal flu,Flu,31-45
P101139,43.0,Female,"increased thirst, blurred vision, frequent urination",143.0,191.0,231.0,Unknown,Diabetes,31-45
P101140,43.0,Male,"headache, nausea, dizziness",125.0,121.0,163.0,Migraine,Migraine,31-45
P101141,46.0,Female,"chest pain, shortness of breath, dizziness, fatigue",171.0,137.0,270.0,Heart disease,Heart Disease,46-60
P101142,25.0,Female,"vomiting, diarrhea, abdominal pain",92.0,95.0,174.0,Previous gastrointestinal infection,Gastroenteritis,18-30
P101143,32.0,Male,"diarrhea, fever, abdominal pain, nausea",92.0,109.0,192.0,Previous gastrointestinal infection,Gastroenteritis,31-45
P101144,18.0,Male,"fever, vomiting, abdominal pain",124.0,71.0,169.0,Previous gastrointestinal infection,Gastroenteritis,18-30
P101145,38.0,Male,"body ache, fever, sore throat, cough",132.0,104.0,151.0,Seasonal flu,Flu,31-45
P101146,39.0,Male,"dizziness, chest pain",142.0,121.0,244.0,High cholesterol,Heart Disease,31-45
P101147,37.0,Female,"nausea, sensitivity to light, dizziness",128.0,68.0,209.0,Family history of migraine,Migraine,31-45
P101148,65.0,Male,"vomiting, nausea",132.0,112.0,201.0,Gastritis,Gastroenteritis,61-75
P101149,61.0,Female,"sore throat, body ache, cough, fever",112.0,78.0,194.0,Unknown,Flu,61-75
P101150,47.0,Male,Unknown,106.0,83.0,200.0,Unknown,Healthy,46-60
P101151,40.0,Male,"fatigue, frequent urination, blurred vision, increased thirst",134.0,172.0,219.0,Unknown,Diabetes,31-45
P101152,63.0,Male,Unknown,132.0,80.0,183.0,Unknown,Healthy,61-75
P101153,46.0,Male,"frequent urination, fatigue",116.0,174.0,214.0,Unknown,Diabetes,46-60
P101154,32.0,Female,"dizziness, fatigue",146.0,109.0,258.0,Family history of hypertension,Hypertension,31-45
P101155,18.0,Male,"sore throat, fever, cough, body ache",113.0,76.0,192.0,Unknown,Flu,18-30
P101156,38.0,Male,"fatigue, blurred vision, increased thirst, frequent urination",137.0,183.0,210.0,Unknown,Diabetes,31-45
P101157,59.0,Male,"fatigue, increased thirst, blurred vision, frequent urination",134.0,159.0,192.0,Diabetes,Diabetes,46-60
P101158,85.0,Male,"frequent urination, fatigue, increased thirst, blurred vision",132.0,232.0,260.0,Diabetes,Diabetes,76+
P101159,47.0,Female,"fatigue, body ache, cough",139.0,99.0,173.0,Unknown,Flu,46-60
P101160,33.0,Female,"abdominal pain, nausea",108.0,68.0,187.0,Gastritis,Gastroenteritis,31-45
P101161,26.0,Male,"fatigue, frequent urination",124.0,146.0,278.0,Unknown,Diabetes,18-30
P101162,55.0,Female,"shortness of breath, fever",106.0,131.0,214.0,Unknown,Pneumonia,46-60
P101163,18.0,Male,"abdominal pain, fever",103.0,81.0,221.0,Gastritis,Gastroenteritis,18-30
P101164,55.0,Female,"dizziness, fatigue",160.0,83.0,227.0,Hypertension,Hypertension,46-60
P101165,60.0,Female,"blurred vision, increased thirst, frequent urination",139.0,195.0,254.0,Unknown,Diabetes,46-60
P101166,53.0,Male,Unknown,126.0,85.0,180.0,Unknown,Healthy,46-60
P101167,42.0,Female,"nausea, diarrhea",125.0,111.0,196.0,Unknown,Gastroenteritis,31-45
P101168,56.0,Female,"sore throat, fever",152.0,124.0,241.0,Unknown,Flu,46-60
P101169,49.0,Male,"abdominal pain, fever",108.0,104.0,182.0,Unknown,Gastroenteritis,46-60
P101170,33.0,Female,"frequent urination, fatigue, blurred vision",107.0,222.0,223.0,Diabetes,Diabetes,31-45
P101171,77.0,Female,"fatigue, chest pain, shortness of breath, dizziness",137.0,86.0,240.0,High cholesterol,Heart Disease,76+
P101172,40.0,Male,"dizziness, nausea, sensitivity to light, headache",113.0,80.0,215.0,Family history of migraine,Migraine,31-45
P101173,59.0,Female,"headache, fatigue",140.0,109.0,227.0,Unknown,Hypertension,46-60
P101174,18.0,Female,"sensitivity to light, dizziness",120.0,142.0,214.0,Migraine,Migraine,18-30
P101175,68.0,Female,"cough, fatigue",143.0,146.0,155.0,Unknown,Flu,61-75
P101176,71.0,Male,"dizziness, headache, sensitivity to light",150.0,134.0,213.0,Unknown,Migraine,61-75
P101177,47.0,Female,"cough, sore throat",128.0,84.0,175.0,Unknown,Flu,46-60
P101178,55.0,Female,"dizziness, shortness of breath",178.0,104.0,275.0,Hypertension,Heart Disease,46-60
P101179,55.0,Female,"headache, dizziness, fatigue",148.0,95.0,207.0,Family history of hypertension,Hypertension,46-60
P101180,35.0,Male,"fatigue, headache",126.0,91.0,223.0,Unknown,Hypertension,31-45
P101181,55.0,Male,"sensitivity to light, nausea",141.0,134.0,188.0,Family history of migraine,Migraine,46-60
P101182,32.0,Female,"frequent urination, blurred vision",104.0,163.0,202.0,Family history of diabetes,Diabetes,31-45
P101183,36.0,Female,"frequent urination, increased thirst, fatigue",120.0,167.0,243.0,Family history of diabetes,Diabetes,31-45
P101184,65.0,Male,"dizziness, headache, fatigue",162.0,133.0,217.0,Family history of hypertension,Hypertension,61-75
P101185,63.0,Female,"dizziness, headache, fatigue",153.0,79.0,235.0,Family history of hypertension,Hypertension,61-75
P101186,34.0,Female,"nausea, vomiting, fever",113.0,95.0,194.0,Gastritis,Gastroenteritis,31-45
P101187,34.0,Female,"dizziness, chest pain",127.0,89.0,292.0,High cholesterol,Heart Disease,31-45
P101188,35.0,Male,Unknown,114.0,83.0,176.0,Unknown,Healthy,31-45
P101189,58.0,Female,"frequent urination, blurred vision, fatigue",148.0,162.0,222.0,Unknown,Diabetes,46-60
P101190,29.0,Male,"cough, fever",123.0,85.0,196.0,Unknown,Pneumonia,18-30
P101191,52.0,Male,"body ache, sore throat, cough, fever",111.0,108.0,142.0,Seasonal flu,Flu,46-60
P101192,59.0,Female,"dizziness, chest pain, fatigue, shortness of breath",131.0,124.0,229.0,Family history of heart disease,Heart Disease,46-60
P101193,44.0,Female,Unknown,104.0,87.0,169.0,Unknown,Healthy,31-45
P101194,63.0,Male,Unknown,125.0,105.0,164.0,Unknown,Healthy,61-75
P101195,41.0,Female,Unknown,120.0,108.0,139.0,Unknown,Healthy,31-45
P101196,42.0,Female,"fatigue, headache, dizziness",139.0,125.0,258.0,Family history of hypertension,Hypertension,31-45
P101197,29.0,Male,"headache, dizziness",117.0,102.0,241.0,Unknown,Hypertension,18-30
P101198,63.0,Male,"chest pain, cough",135.0,97.0,200.0,Asthma,Pneumonia,61-75
P101199,33.0,Female,"headache, fatigue",136.0,91.0,219.0,Unknown,Hypertension,31-45
P101200,52.0,Female,"sensitivity to light, nausea",135.0,95.0,198.0,Unknown,Migraine,46-60
P101201,45.0,Male,"cough, fever, body ache, fatigue",110.0,142.0,202.0,Unknown,Flu,31-45
P101202,28.0,Female,"fatigue, cough, body ache",104.0,95.0,180.0,Seasonal flu,Flu,18-30
P101203,36.0,Female,"nausea, diarrhea, vomiting",119.0,70.0,197.0,Previous gastrointestinal infection,Gastroenteritis,31-45
P101204,70.0,Female,"nausea, sensitivity to light, dizziness, headache",162.0,125.0,181.0,Migraine,Migraine,61-75
P101205,49.0,Female,"fatigue, increased thirst, blurred vision, frequent urination",143.0,163.0,228.0,Unknown,Diabetes,46-60
P101206,29.0,Male,"blurred vision, increased thirst, fatigue",131.0,174.0,249.0,Unknown,Diabetes,18-30
P101207,51.0,Male,"shortness of breath, fever, cough",132.0,91.0,224.0,Previous respiratory infection,Pneumonia,46-60
P101208,44.0,Male,"cough, body ache, sore throat",96.0,129.0,222.0,Unknown,Flu,31-45
P101209,85.0,Female,"dizziness, headache",142.0,108.0,207.0,Hypertension,Hypertension,76+
P101210,51.0,Female,"fever, body ache, cough, fatigue",90.0,133.0,192.0,Seasonal flu,Flu,46-60
P101211,40.0,Female,"headache, nausea",147.0,75.0,183.0,Family history of migraine,Migraine,31-45
P101212,70.0,Male,"diarrhea, nausea, abdominal pain, vomiting",144.0,97.0,150.0,Previous gastrointestinal infection,Gastroenteritis,61-75
P101213,18.0,Female,"fever, fatigue",122.0,125.0,152.0,Seasonal flu,Flu,18-30
P101214,48.0,Male,"fatigue, dizziness",148.0,120.0,252.0,Hypertension,Heart Disease,46-60
P101215,80.0,Male,"dizziness, headache",136.0,170.0,207.0,Family history of hypertension,Hypertension,76+
P101216,44.0,Male,"sore throat, cough",118.0,95.0,224.0,Unknown,Flu,31-45
P101217,18.0,Female,"fatigue, dizziness, chest pain",166.0,115.0,281.0,Heart disease,Heart Disease,18-30
P101218,39.0,Male,"body ache, cough, sore throat",122.0,141.0,172.0,Unknown,Flu,31-45
P101219,71.0,Female,"nausea, headache, dizziness, sensitivity to light",121.0,72.0,220.0,Family history of migraine,Migraine,61-75
P101220,52.0,Female,"fatigue, increased thirst",109.0,138.0,215.0,Unknown,Diabetes,46-60
P101221,32.0,Female,"fatigue, increased thirst",149.0,151.0,239.0,Unknown,Diabetes,31-45
P101222,34.0,Male,"fatigue, dizziness, headache",148.0,126.0,255.0,Family history of hypertension,Hypertension,31-45
P101223,36.0,Female,Unknown,90.0,65.0,206.0,Unknown,Healthy,31-45
P101224,52.0,Female,"cough, chest pain, shortness of breath",114.0,118.0,183.0,Asthma,Pneumonia,46-60
P101225,69.0,Male,"fatigue, headache",137.0,129.0,267.0,Family history of hypertension,Hypertension,61-75
P101226,64.0,Female,Unknown,118.0,141.0,137.0,Unknown,Healthy,61-75
P101227,54.0,Female,"cough, fatigue, sore throat",126.0,126.0,223.0,Unknown,Flu,46-60
P101228,23.0,Male,"cough, fatigue, body ache",110.0,104.0,185.0,Unknown,Flu,18-30
P101229,23.0,Female,Unknown,123.0,116.0,174.0,Unknown,Healthy,18-30
P101230,55.0,Male,"frequent urination, fatigue, blurred vision, increased thirst",135.0,186.0,178.0,Unknown,Diabetes,46-60
P101231,23.0,Male,"headache, dizziness, fatigue",162.0,95.0,224.0,Family history of hypertension,Hypertension,18-30
P101232,42.0,Female,"cough, chest pain",120.0,77.0,225.0,Previous respiratory infection,Pneumonia,31-45
P101233,51.0,Male,"fatigue, dizziness, headache",195.0,100.0,229.0,Hypertension,Hypertension,46-60
P101234,27.0,Male,"dizziness, headache, nausea",113.0,94.0,209.0,Unknown,Migraine,18-30
P101235,29.0,Male,"fatigue, dizziness",135.0,111.0,236.0,Family history of hypertension,Hypertension,18-30
P101236,44.0,Male,Unknown,117.0,125.0,250.0,Unknown,Diabetes,31-45
P101237,55.0,Male,"fatigue, dizziness, headache",150.0,109.0,245.0,Unknown,Hypertension,46-60
P101238,64.0,Female,"body ache, fatigue, cough, sore throat",100.0,106.0,171.0,Seasonal flu,Flu,61-75
P101239,56.0,Male,"headache, dizziness, fatigue",157.0,126.0,242.0,Family history of hypertension,Hypertension,46-60
P101240,47.0,Male,"increased thirst, blurred vision, fatigue",106.0,208.0,264.0,Diabetes,Diabetes,46-60
P101241,33.0,Female,Unknown,116.0,93.0,188.0,Unknown,Healthy,31-45
P101242,28.0,Female,"dizziness, fatigue, shortness of breath, chest pain",124.0,92.0,249.0,Hypertension,Heart Disease,18-30
P101243,37.0,Male,"fatigue, dizziness, shortness of breath",139.0,74.0,308.0,Family history of heart disease,Heart Disease,31-45
P101244,53.0,Male,"fatigue, increased thirst, blurred vision, frequent urination",142.0,189.0,254.0,Family history of diabetes,Diabetes,46-60
P101245,52.0,Male,"fatigue, shortness of breath, chest pain, dizziness",180.0,99.0,276.0,Heart disease,Heart Disease,46-60
P101246,18.0,Male,"dizziness, headache, fatigue",131.0,123.0,240.0,Family history of hypertension,Hypertension,18-30
P101247,33.0,Male,"cough, chest pain, fever",122.0,108.0,208.0,Unknown,Pneumonia,31-45
P101248,66.0,Female,"headache, dizziness, fatigue",145.0,82.0,261.0,Unknown,Hypertension,61-75
P101249,47.0,Female,Unknown,104.0,105.0,126.0,Unknown,Healthy,46-60
P101250,22.0,Male,Unknown,102.0,115.0,183.0,Unknown,Healthy,18-30
P101251,85.0,Female,"frequent urination, blurred vision",151.0,204.0,229.0,Unknown,Diabetes,76+
P101252,46.0,Male,"increased thirst, blurred vision",125.0,126.0,213.0,Family history of diabetes,Diabetes,46-60
P101253,53.0,Male,"increased thirst, frequent urination, blurred vision",165.0,155.0,222.0,Family history of diabetes,Diabetes,46-60
P101254,53.0,Male,"fever, cough, chest pain",133.0,77.0,157.0,Asthma,Pneumonia,46-60
P101255,40.0,Male,"blurred vision, frequent urination",117.0,182.0,181.0,Family history of diabetes,Diabetes,31-45
P101256,34.0,Female,Unknown,109.0,98.0,206.0,Unknown,Healthy,31-45
P101257,82.0,Male,"dizziness, sensitivity to light, headache, nausea",119.0,65.0,213.0,Migraine,Migraine,76+
P101258,63.0,Female,"nausea, fever, abdominal pain, vomiting",132.0,95.0,134.0,Previous gastrointestinal infection,Gastroenteritis,61-75
P101259,60.0,Male,"fatigue, sore throat, fever",101.0,122.0,179.0,Seasonal flu,Flu,46-60
P101260,56.0,Female,Unknown,99.0,98.0,201.0,Unknown,Healthy,46-60
P101261,29.0,Female,"frequent urination, blurred vision",121.0,171.0,215.0,Family history of diabetes,Diabetes,18-30
P101262,68.0,Male,"fatigue, chest pain, shortness of breath, dizziness",160.0,114.0,289.0,Heart disease,Heart Disease,61-75
P101263,32.0,Male,"shortness of breath, dizziness, chest pain, fatigue",161.0,89.0,278.0,Heart disease,Heart Disease,31-45
P101264,51.0,Female,Unknown,136.0,93.0,147.0,Unknown,Healthy,46-60
P101265,18.0,Female,"shortness of breath, fever, cough",129.0,97.0,184.0,Asthma,Pneumonia,18-30
P101266,18.0,Male,"abdominal pain, diarrhea",112.0,104.0,172.0,Gastritis,Gastroenteritis,18-30
P101267,51.0,Female,"fatigue, headache",163.0,128.0,206.0,Unknown,Hypertension,46-60
P101268,32.0,Male,Unknown,98.0,91.0,140.0,Unknown,Healthy,31-45
P101269,18.0,Male,"sore throat, cough, fatigue",90.0,118.0,165.0,Unknown,Flu,18-30
P101270,55.0,Female,"body ache, cough, fatigue",129.0,95.0,177.0,Seasonal flu,Flu,46-60
P101271,82.0,Male,Unknown,109.0,69.0,192.0,Unknown,Healthy,76+
P101272,70.0,Male,"shortness of breath, dizziness, fatigue, chest pain",150.0,133.0,285.0,High cholesterol,Heart Disease,61-75
P101273,42.0,Male,"dizziness, fatigue, shortness of breath",147.0,118.0,267.0,Family history of heart disease,Heart Disease,31-45
P101274,46.0,Male,"cough, fever",130.0,114.0,211.0,Asthma,Pneumonia,46-60
P101275,61.0,Male,"fatigue, increased thirst, blurred vision",148.0,148.0,222.0,Family history of diabetes,Diabetes,61-75
P101276,65.0,Male,Unknown,161.0,160.0,273.0,Heart disease,Heart Disease,61-75
P101277,40.0,Female,"dizziness, headache",153.0,125.0,233.0,Unknown,Hypertension,31-45
P101278,47.0,Female,"frequent urination, fatigue",126.0,166.0,215.0,Unknown,Diabetes,46-60
P101279,51.0,Male,Unknown,119.0,73.0,225.0,Unknown,Healthy,46-60
P101280,55.0,Male,"fever, chest pain, cough, shortness of breath",119.0,129.0,139.0,Asthma,Pneumonia,46-60
P101281,44.0,Female,"chest pain, fatigue, shortness of breath",143.0,92.0,210.0,Hypertension,Heart Disease,31-45
P101282,44.0,Male,"fatigue, dizziness, chest pain, shortness of breath",182.0,166.0,264.0,Heart disease,Heart Disease,31-45
P101283,69.0,Male,"sore throat, fever, cough, body ache",128.0,94.0,188.0,Seasonal flu,Flu,61-75
P101284,67.0,Female,"fever, cough, shortness of breath, chest pain",136.0,146.0,163.0,Unknown,Pneumonia,61-75
P101285,54.0,Male,Unknown,108.0,90.0,154.0,Unknown,Healthy,46-60
P101286,75.0,Female,Unknown,136.0,134.0,162.0,Unknown,Healthy,61-75
P101287,39.0,Female,"dizziness, fatigue, shortness of breath",156.0,98.0,275.0,Family history of heart disease,Heart Disease,31-45
P101288,74.0,Female,"dizziness, fatigue, shortness of breath, chest pain",162.0,124.0,290.0,Family history of heart disease,Heart Disease,61-75
P101289,55.0,Male,"sore throat, cough, fatigue",126.0,121.0,231.0,Unknown,Flu,46-60
P101290,85.0,Male,Unknown,143.0,126.0,160.0,Unknown,Flu,76+
P101291,26.0,Male,"fever, body ache, sore throat, fatigue",135.0,120.0,153.0,Seasonal flu,Flu,18-30
P101292,34.0,Female,"fever, chest pain, shortness of breath",128.0,90.0,156.0,Asthma,Pneumonia,31-45
P101293,53.0,Female,"fatigue, cough, fever, body ache",121.0,105.0,223.0,Unknown,Flu,46-60
P101294,53.0,Female,"dizziness, shortness of breath",160.0,145.0,267.0,Heart disease,Heart Disease,46-60
P101295,79.0,Male,"chest pain, dizziness, shortness of breath",139.0,109.0,264.0,Family history of heart disease,Heart Disease,76+
P101296,35.0,Female,"fatigue, chest pain",134.0,126.0,259.0,Hypertension,Heart Disease,31-45
P101297,61.0,Female,"frequent urination, blurred vision, fatigue",134.0,171.0,227.0,Unknown,Diabetes,61-75
P101298,46.0,Female,"fatigue, dizziness, headache",130.0,121.0,215.0,Unknown,Hypertension,46-60
P101299,58.0,Female,"headache, nausea, sensitivity to light",138.0,104.0,210.0,Family history of migraine,Migraine,46-60
P101300,30.0,Male,"dizziness, chest pain, fatigue",130.0,95.0,248.0,High cholesterol,Heart Disease,18-30
P101301,70.0,Male,"headache, fatigue, dizziness",149.0,112.0,214.0,Unknown,Hypertension,61-75
P101302,67.0,Female,"fatigue, sore throat, fever",122.0,110.0,208.0,Seasonal flu,Flu,61-75
P101303,56.0,Male,"sensitivity to light, headache",127.0,99.0,187.0,Migraine,Migraine,46-60
P101304,49.0,Male,"fatigue, headache, dizziness",147.0,147.0,244.0,Family history of hypertension,Hypertension,46-60
P101305,50.0,Male,"vomiting, nausea, fever",118.0,120.0,186.0,Unknown,Gastroenteritis,46-60
P101306,45.0,Male,Unknown,115.0,98.0,199.0,Unknown,Healthy,31-45
P101307,57.0,Female,Unknown,122.0,89.0,201.0,Asthma,Pneumonia,46-60
P101308,47.0,Male,"fever, chest pain, shortness of breath, cough",116.0,85.0,172.0,Unknown,Pneumonia,46-60
P101309,32.0,Male,"fatigue, blurred vision",129.0,212.0,230.0,Family history of diabetes,Diabetes,31-45
P101310,28.0,Female,Unknown,90.0,66.0,183.0,Unknown,Healthy,18-30
P101311,33.0,Female,"shortness of breath, fatigue",141.0,116.0,265.0,High cholesterol,Heart Disease,31-45
P101312,50.0,Male,Unknown,110.0,101.0,204.0,Unknown,Healthy,46-60
P101313,46.0,Male,"cough, shortness of breath",132.0,96.0,178.0,Asthma,Pneumonia,46-60
P101314,50.0,Male,"fatigue, frequent urination, increased thirst",113.0,151.0,242.0,Family history of diabetes,Diabetes,46-60
P101315,55.0,Male,"blurred vision, fatigue, increased thirst",127.0,157.0,186.0,Diabetes,Diabetes,46-60
P101316,46.0,Male,"sensitivity to light, nausea",121.0,84.0,190.0,Unknown,Migraine,46-60
P101317,71.0,Male,"fatigue, fever, sore throat",141.0,92.0,189.0,Unknown,Flu,61-75
P101318,41.0,Female,"increased thirst, blurred vision, fatigue, frequent urination",136.0,200.0,259.0,Diabetes,Diabetes,31-45
P101319,39.0,Female,"dizziness, sensitivity to light, nausea, headache",106.0,97.0,190.0,Family history of migraine,Migraine,31-45
P101320,54.0,Female,Unknown,111.0,83.0,194.0,Unknown,Healthy,46-60
P101321,18.0,Male,"sore throat, body ache, cough",129.0,97.0,142.0,Unknown,Flu,18-30
P101322,33.0,Male,"sore throat, fever",102.0,113.0,179.0,Unknown,Flu,31-45
P101323,63.0,Female,"fatigue, frequent urination",134.0,169.0,208.0,Unknown,Diabetes,61-75
P101324,18.0,Female,"abdominal pain, vomiting",113.0,110.0,242.0,Unknown,Gastroenteritis,18-30
P101325,65.0,Female,"dizziness, chest pain, fatigue",144.0,93.0,243.0,Family history of heart disease,Heart Disease,61-75
P101326,72.0,Male,Unknown,159.0,125.0,185.0,Unknown,Healthy,61-75
P101327,40.0,Male,"dizziness, shortness of breath, fatigue",139.0,115.0,257.0,Hypertension,Heart Disease,31-45
P101328,51.0,Male,"fever, cough",128.0,101.0,153.0,Unknown,Flu,46-60
P101329,65.0,Female,"fatigue, headache",144.0,101.0,229.0,Unknown,Hypertension,61-75
P101330,38.0,Male,"headache, dizziness, fatigue",157.0,82.0,246.0,Unknown,Hypertension,31-45
P101331,61.0,Female,"nausea, fever",133.0,65.0,193.0,Previous gastrointestinal infection,Gastroenteritis,61-75
P101332,35.0,Female,"fever, body ache, cough",111.0,82.0,133.0,Unknown,Flu,31-45
P101333,38.0,Female,"body ache, fatigue, cough, fever",119.0,112.0,175.0,Unknown,Flu,31-45
P101334,32.0,Male,Unknown,101.0,68.0,200.0,Unknown,Healthy,31-45
P101335,52.0,Female,Unknown,101.0,65.0,194.0,Unknown,Healthy,46-60
P101336,66.0,Female,Unknown,134.0,77.0,211.0,Unknown,Healthy,61-75
P101337,43.0,Male,"dizziness, headache, fatigue",143.0,102.0,214.0,Family history of hypertension,Hypertension,31-45
P101338,24.0,Female,"chest pain, fever",90.0,90.0,220.0,Unknown,Pneumonia,18-30
P101339,28.0,Female,Unknown,138.0,85.0,174.0,Unknown,Healthy,18-30
P101340,53.0,Female,"dizziness, fatigue, shortness of breath, chest pain",136.0,141.0,295.0,Hypertension,Heart Disease,46-60
P101341,77.0,Male,"increased thirst, blurred vision",134.0,207.0,231.0,Family history of diabetes,Diabetes,76+
P101342,53.0,Female,"fever, abdominal pain, vomiting, nausea",142.0,143.0,140.0,Previous gastrointestinal infection,Gastroenteritis,46-60
P101343,39.0,Male,"sore throat, fever, body ache, cough",118.0,65.0,209.0,Seasonal flu,Flu,31-45
P101344,59.0,Male,"fatigue, fever, cough, body ache",121.0,86.0,182.0,Unknown,Flu,46-60
P101345,42.0,Male,Unknown,98.0,107.0,168.0,Unknown,Healthy,31-45
P101346,40.0,Male,"fever, cough, shortness of breath",102.0,92.0,157.0,Previous respiratory infection,Pneumonia,31-45
P101347,30.0,Male,"sore throat, cough",116.0,116.0,226.0,Seasonal flu,Flu,18-30
P101348,70.0,Male,"chest pain, fatigue",156.0,127.0,247.0,Hypertension,Heart Disease,61-75
P101349,18.0,Female,"sore throat, fever, fatigue",120.0,129.0,222.0,Unknown,Flu,18-30
P101350,60.0,Male,"increased thirst, blurred vision",128.0,199.0,218.0,Unknown,Diabetes,46-60
P101351,38.0,Female,"fever, vomiting, nausea, diarrhea",117.0,119.0,164.0,Previous gastrointestinal infection,Gastroenteritis,31-45
P101352,39.0,Male,"diarrhea, fever, abdominal pain",91.0,86.0,218.0,Previous gastrointestinal infection,Gastroenteritis,31-45
P101353,75.0,Female,"fatigue, headache, dizziness",163.0,116.0,242.0,Unknown,Hypertension,61-75
P101354,34.0,Female,"dizziness, shortness of breath",146.0,107.0,251.0,Heart disease,Heart Disease,31-45
P101355,46.0,Female,Unknown,142.0,108.0,145.0,Unknown,Healthy,46-60
P101356,44.0,Female,"fatigue, frequent urination, increased thirst, blurred vision",132.0,204.0,214.0,Family history of diabetes,Diabetes,31-45
P101357,53.0,Female,"body ache, fatigue, sore throat",109.0,119.0,202.0,Seasonal flu,Flu,46-60
P101358,38.0,Male,"fever, fatigue, cough, body ache",119.0,92.0,157.0,Unknown,Flu,31-45
P101359,19.0,Male,"dizziness, nausea",115.0,121.0,177.0,Unknown,Migraine,18-30
P101360,31.0,Male,"headache, fatigue",155.0,94.0,225.0,Hypertension,Hypertension,31-45
P101361,68.0,Male,"shortness of breath, fever",131.0,68.0,199.0,Asthma,Pneumonia,61-75
P101362,47.0,Male,"chest pain, dizziness, fatigue, shortness of breath",129.0,139.0,291.0,Heart disease,Heart Disease,46-60
P101363,54.0,Male,"fever, cough, chest pain",105.0,77.0,188.0,Unknown,Pneumonia,46-60
P101364,42.0,Female,"frequent urination, blurred vision, fatigue, increased thirst",135.0,167.0,208.0,Unknown,Diabetes,31-45
P101365,35.0,Female,"fatigue, body ache",139.0,103.0,254.0,Unknown,Flu,31-45
P101366,75.0,Female,"cough, body ache, fever, fatigue",128.0,117.0,186.0,Seasonal flu,Flu,61-75
P101367,43.0,Female,"headache, dizziness",162.0,129.0,233.0,Hypertension,Hypertension,31-45
P101368,38.0,Male,"frequent urination, increased thirst",145.0,183.0,215.0,Unknown,Diabetes,31-45
P101369,65.0,Male,"dizziness, headache",158.0,128.0,235.0,Family history of hypertension,Hypertension,61-75
P101370,34.0,Female,"dizziness, shortness of breath, chest pain, fatigue",133.0,96.0,255.0,High cholesterol,Heart Disease,31-45
P101371,36.0,Female,"frequent urination, blurred vision, increased thirst, fatigue",133.0,176.0,245.0,Family history of diabetes,Diabetes,31-45
P101372,46.0,Male,Unknown,133.0,65.0,188.0,Unknown,Healthy,46-60
P101373,46.0,Male,"dizziness, chest pain",154.0,151.0,207.0,Hypertension,Heart Disease,46-60
P101374,50.0,Male,"nausea, fever, diarrhea",129.0,67.0,214.0,Previous gastrointestinal infection,Gastroenteritis,46-60
P101375,82.0,Male,Unknown,116.0,94.0,190.0,Unknown,Healthy,76+
P101376,52.0,Male,"blurred vision, frequent urination, fatigue",130.0,145.0,235.0,Diabetes,Diabetes,46-60
P101377,18.0,Male,"chest pain, fever, cough",119.0,80.0,214.0,Asthma,Pneumonia,18-30
P101378,52.0,Female,Unknown,117.0,94.0,153.0,Unknown,Healthy,46-60
P101379,47.0,Female,"fever, cough, chest pain, shortness of breath",143.0,92.0,253.0,Previous respiratory infection,Pneumonia,46-60
P101380,47.0,Female,"body ache, fatigue, fever, cough",90.0,127.0,178.0,Seasonal flu,Flu,46-60
P101381,50.0,Female,"fever, cough, fatigue, body ache",122.0,107.0,183.0,Seasonal flu,Flu,46-60
P101382,46.0,Female,"increased thirst, fatigue, frequent urination, blurred vision",131.0,162.0,196.0,Unknown,Diabetes,46-60
P101383,45.0,Male,"cough, fever",102.0,98.0,162.0,Unknown,Flu,31-45
P101384,56.0,Female,Unknown,127.0,122.0,204.0,Unknown,Healthy,46-60
P101385,37.0,Male,Unknown,104.0,110.0,231.0,Unknown,Healthy,31-45
P101386,30.0,Female,"frequent urination, increased thirst, blurred vision, fatigue",124.0,143.0,208.0,Family history of diabetes,Diabetes,18-30
P101387,85.0,Male,"headache, nausea",157.0,94.0,211.0,Migraine,Migraine,76+
P101388,34.0,Female,"shortness of breath, chest pain",158.0,124.0,258.0,High cholesterol,Heart Disease,31-45
P101389,48.0,Female,Unknown,125.0,101.0,203.0,Unknown,Healthy,46-60
P101390,21.0,Male,"increased thirst, fatigue",133.0,143.0,273.0,Unknown,Diabetes,18-30
P101391,48.0,Male,Unknown,114.0,109.0,215.0,Unknown,Healthy,46-60
P101392,30.0,Male,"fever, abdominal pain, diarrhea",143.0,74.0,179.0,Unknown,Gastroenteritis,18-30
P101393,38.0,Female,"blurred vision, fatigue, increased thirst",142.0,199.0,236.0,Family history of diabetes,Diabetes,31-45
P101394,64.0,Female,"increased thirst, frequent urination, blurred vision, fatigue",125.0,188.0,244.0,Diabetes,Diabetes,61-75
P101395,54.0,Male,"nausea, diarrhea, fever, abdominal pain",100.0,74.0,189.0,Unknown,Gastroenteritis,46-60
P101396,56.0,Female,"dizziness, headache",161.0,102.0,214.0,Hypertension,Hypertension,46-60
P101397,18.0,Male,"fatigue, body ache, fever",115.0,82.0,165.0,Seasonal flu,Flu,18-30
P101398,77.0,Male,Unknown,102.0,104.0,212.0,Unknown,Healthy,76+
P101399,26.0,Male,"fatigue, fever, sore throat",124.0,92.0,216.0,Unknown,Flu,18-30
P101400,72.0,Female,"dizziness, chest pain",147.0,98.0,255.0,High cholesterol,Heart Disease,61-75
P101401,63.0,Male,"cough, fever",132.0,75.0,200.0,Unknown,Flu,61-75
P101402,56.0,Male,"frequent urination, increased thirst, fatigue, blurred vision",140.0,187.0,256.0,Family history of diabetes,Diabetes,46-60
P101403,31.0,Male,Unknown,105.0,95.0,134.0,Unknown,Healthy,31-45
P101404,49.0,Female,"shortness of breath, chest pain, dizziness",156.0,119.0,245.0,Hypertension,Heart Disease,46-60
P101405,38.0,Male,"fatigue, dizziness",143.0,115.0,285.0,Hypertension,Hypertension,31-45
P101406,46.0,Female,"headache, dizziness, fatigue",145.0,98.0,245.0,Hypertension,Hypertension,46-60
P101407,42.0,Female,Unknown,108.0,95.0,150.0,Unknown,Healthy,31-45
P101408,18.0,Female,"fatigue, blurred vision",143.0,221.0,222.0,Diabetes,Diabetes,18-30
P101409,65.0,Male,Unknown,116.0,123.0,207.0,Unknown,Healthy,61-75
P101410,45.0,Female,"nausea, dizziness",143.0,93.0,134.0,Migraine,Migraine,31-45
P101411,38.0,Male,"abdominal pain, vomiting, diarrhea",142.0,84.0,191.0,Gastritis,Gastroenteritis,31-45
P101412,36.0,Male,Unknown,104.0,65.0,167.0,Unknown,Healthy,31-45
P101413,46.0,Male,"fever, nausea, abdominal pain",90.0,122.0,150.0,Gastritis,Gastroenteritis,46-60
P101414,31.0,Male,Unknown,128.0,106.0,177.0,Unknown,Healthy,31-45
P101415,18.0,Female,"blurred vision, frequent urination",122.0,153.0,216.0,Diabetes,Diabetes,18-30
P101416,53.0,Female,"nausea, vomiting, abdominal pain, fever",107.0,68.0,189.0,Gastritis,Gastroenteritis,46-60
P101417,55.0,Female,"fatigue, fever, sore throat",115.0,78.0,184.0,Seasonal flu,Flu,46-60
P101418,43.0,Male,"sore throat, body ache, fatigue, fever",115.0,110.0,165.0,Seasonal flu,Flu,31-45
P101419,26.0,Female,Unknown,131.0,85.0,139.0,Unknown,Healthy,18-30
P101420,48.0,Female,Unknown,119.0,108.0,162.0,Unknown,Healthy,46-60
P101421,21.0,Male,"dizziness, nausea",138.0,95.0,211.0,Family history of migraine,Migraine,18-30
P101422,29.0,Male,"fever, cough, body ache",125.0,118.0,192.0,Seasonal flu,Flu,18-30
P101423,33.0,Female,"cough, fever",115.0,106.0,186.0,Unknown,Flu,31-45
P101424,60.0,Male,"fatigue, chest pain, dizziness, shortness of breath",143.0,138.0,233.0,Family history of heart disease,Heart Disease,46-60
P101425,40.0,Male,"shortness of breath, dizziness",153.0,69.0,245.0,Family history of heart disease,Heart Disease,31-45
P101426,38.0,Female,"dizziness, shortness of breath, fatigue",156.0,87.0,271.0,Hypertension,Heart Disease,31-45
P101427,79.0,Male,"blurred vision, increased thirst, frequent urination, fatigue",129.0,172.0,244.0,Unknown,Diabetes,76+
P101428,52.0,Male,"increased thirst, fatigue, blurred vision, frequent urination",130.0,198.0,215.0,Unknown,Diabetes,46-60
P101429,52.0,Female,"diarrhea, nausea, fever, abdominal pain",122.0,140.0,127.0,Unknown,Gastroenteritis,46-60
P101430,40.0,Female,"cough, fatigue",128.0,96.0,173.0,Unknown,Flu,31-45
P101431,36.0,Female,Unknown,109.0,76.0,165.0,Unknown,Healthy,31-45
P101432,18.0,Female,"chest pain, fever",105.0,65.0,166.0,Unknown,Pneumonia,18-30
P101433,62.0,Female,"frequent urination, increased thirst, fatigue, blurred vision",124.0,195.0,218.0,Diabetes,Diabetes,61-75
P101434,54.0,Female,"headache, dizziness, fatigue",149.0,101.0,259.0,Family history of hypertension,Hypertension,46-60
P101435,43.0,Female,"dizziness, headache, fatigue",160.0,176.0,237.0,Unknown,Hypertension,31-45
P101436,44.0,Female,Unknown,133.0,75.0,202.0,Unknown,Healthy,31-45
P101437,59.0,Male,"headache, fatigue",135.0,161.0,205.0,Hypertension,Hypertension,46-60
P101438,20.0,Female,"fever, body ache",108.0,111.0,178.0,Unknown,Flu,18-30
P101439,36.0,Female,Unknown,109.0,67.0,130.0,Unknown,Healthy,31-45
P101440,27.0,Male,Unknown,124.0,93.0,164.0,Unknown,Healthy,18-30
P101441,76.0,Female,"dizziness, fatigue",149.0,136.0,207.0,Hypertension,Hypertension,76+
P101442,61.0,Female,"blurred vision, increased thirst, frequent urination, fatigue",129.0,171.0,259.0,Unknown,Diabetes,61-75
P101443,18.0,Male,"dizziness, fatigue, headache",126.0,123.0,242.0,Family history of hypertension,Hypertension,18-30
P101444,20.0,Male,"frequent urination, blurred vision, fatigue, increased thirst",134.0,184.0,244.0,Family history of diabetes,Diabetes,18-30
P101445,44.0,Male,"headache, fatigue, dizziness",149.0,124.0,227.0,Hypertension,Hypertension,31-45
P101446,38.0,Male,"sore throat, fatigue",111.0,99.0,164.0,Unknown,Flu,31-45
P101447,23.0,Male,Unknown,108.0,65.0,148.0,Unknown,Healthy,18-30
P101448,79.0,Male,"body ache, fever, fatigue",143.0,108.0,203.0,Seasonal flu,Flu,76+
P101449,51.0,Male,"chest pain, cough, fever",113.0,108.0,207.0,Unknown,Pneumonia,46-60
P101450,54.0,Male,"dizziness, headache, fatigue",141.0,72.0,250.0,Family history of hypertension,Hypertension,46-60
P101451,34.0,Female,Unknown,134.0,98.0,177.0,Unknown,Gastroenteritis,31-45
P101452,58.0,Female,"cough, chest pain, shortness of breath, fever",129.0,104.0,191.0,Unknown,Pneumonia,46-60
P101453,40.0,Male,Unknown,124.0,65.0,176.0,Unknown,Healthy,31-45
P101454,41.0,Male,Unknown,121.0,84.0,226.0,Unknown,Healthy,31-45
P101455,56.0,Male,"fatigue, chest pain",147.0,112.0,287.0,Hypertension,Heart Disease,46-60
P101456,18.0,Male,"increased thirst, blurred vision, fatigue",122.0,208.0,226.0,Family history of diabetes,Diabetes,18-30
P101457,73.0,Male,"fatigue, headache, dizziness",168.0,123.0,246.0,Family history of hypertension,Hypertension,61-75
P101458,49.0,Male,"fever, cough, fatigue",138.0,125.0,198.0,Seasonal flu,Flu,46-60
P101459,68.0,Male,Unknown,135.0,95.0,194.0,Unknown,Healthy,61-75
P101460,28.0,Female,"shortness of breath, chest pain, dizziness",126.0,71.0,242.0,Heart disease,Heart Disease,18-30
P101461,30.0,Male,"nausea, abdominal pain, diarrhea, fever",134.0,108.0,165.0,Gastritis,Gastroenteritis,18-30
P101462,26.0,Female,"fatigue, body ache, cough, sore throat",113.0,82.0,211.0,Seasonal flu,Flu,18-30
P101463,50.0,Male,"headache, dizziness, fatigue",141.0,105.0,240.0,Unknown,Hypertension,46-60
P101464,47.0,Male,"fatigue, chest pain, shortness of breath, dizziness",144.0,93.0,278.0,High cholesterol,Heart Disease,46-60
P101465,38.0,Female,"chest pain, shortness of breath, cough",136.0,103.0,231.0,Asthma,Pneumonia,31-45
P101466,29.0,Male,"sensitivity to light, dizziness",129.0,118.0,204.0,Unknown,Migraine,18-30
P101467,24.0,Female,"fatigue, cough",114.0,116.0,194.0,Unknown,Flu,18-30
P101468,45.0,Female,"fatigue, dizziness",163.0,146.0,315.0,Unknown,Hypertension,31-45
P101469,38.0,Female,"sensitivity to light, dizziness, headache",125.0,135.0,199.0,Family history of migraine,Migraine,31-45
P101470,34.0,Male,"dizziness, headache",141.0,65.0,210.0,Family history of hypertension,Hypertension,31-45
P101471,72.0,Female,Unknown,111.0,72.0,177.0,Unknown,Healthy,61-75
P101472,45.0,Male,"headache, fatigue",157.0,71.0,275.0,Family history of hypertension,Hypertension,31-45
P101473,68.0,Male,"blurred vision, frequent urination, increased thirst",135.0,192.0,199.0,Diabetes,Diabetes,61-75
P101474,37.0,Male,"cough, body ache, fever, fatigue",100.0,84.0,170.0,Unknown,Flu,31-45
P101475,50.0,Female,"fatigue, sore throat, body ache",134.0,91.0,218.0,Seasonal flu,Flu,46-60
P101476,45.0,Female,"fatigue, sore throat, fever",114.0,96.0,183.0,Seasonal flu,Flu,31-45
P101477,18.0,Male,"fever, sore throat",138.0,103.0,182.0,Unknown,Flu,18-30
P101478,70.0,Male,Unknown,101.0,66.0,209.0,Unknown,Healthy,61-75
P101479,44.0,Female,"fatigue, sore throat, body ache",118.0,73.0,173.0,Seasonal flu,Flu,31-45
P101480,59.0,Female,"fever, body ache",114.0,105.0,158.0,Seasonal flu,Flu,46-60
P101481,33.0,Male,"sore throat, fatigue, cough",105.0,124.0,154.0,Unknown,Flu,31-45
P101482,43.0,Male,"frequent urination, blurred vision, fatigue, increased thirst",125.0,171.0,239.0,Diabetes,Diabetes,31-45
P101483,31.0,Female,"cough, fever, chest pain",148.0,82.0,196.0,Unknown,Pneumonia,31-45
P101484,67.0,Female,"fatigue, dizziness",157.0,69.0,226.0,Unknown,Hypertension,61-75
P101485,51.0,Female,"cough, shortness of breath, chest pain, fever",116.0,125.0,166.0,Asthma,Pneumonia,46-60
P101486,52.0,Male,"blurred vision, increased thirst",108.0,158.0,220.0,Family history of diabetes,Diabetes,46-60
P101487,69.0,Male,Unknown,96.0,73.0,210.0,Unknown,Healthy,61-75
P101488,66.0,Male,"fever, fatigue",117.0,69.0,174.0,Unknown,Flu,61-75
P101489,59.0,Male,Unknown,110.0,65.0,165.0,Unknown,Healthy,46-60
P101490,22.0,Female,"body ache, cough, sore throat, fatigue",114.0,74.0,157.0,Seasonal flu,Flu,18-30
P101491,34.0,Male,"fatigue, increased thirst",98.0,164.0,214.0,Family history of diabetes,Diabetes,31-45
P101492,29.0,Female,"diarrhea, abdominal pain, vomiting, nausea",114.0,66.0,193.0,Gastritis,Gastroenteritis,18-30
P101493,58.0,Female,"shortness of breath, chest pain, fever",143.0,110.0,246.0,Unknown,Pneumonia,46-60
P101494,49.0,Female,"diarrhea, abdominal pain, fever",141.0,93.0,194.0,Previous gastrointestinal infection,Gastroenteritis,46-60
P101495,22.0,Female,"fatigue, sore throat",90.0,144.0,184.0,Seasonal flu,Flu,18-30
P101496,43.0,Female,"shortness of breath, cough",114.0,65.0,213.0,Unknown,Pneumonia,31-45
P101497,21.0,Male,Unknown,100.0,90.0,190.0,Unknown,Healthy,18-30
P101498,45.0,Male,"shortness of breath, fever, chest pain",128.0,107.0,179.0,Asthma,Pneumonia,31-45
P101499,18.0,Male,"chest pain, dizziness, fatigue",124.0,87.0,305.0,Heart disease,Heart Disease,18-30
P101500,55.0,Female,"fever, shortness of breath",151.0,108.0,194.0,Unknown,Pneumonia,46-60
P101501,52.0,Female,"dizziness, headache",126.0,118.0,202.0,Unknown,Migraine,46-60
P101502,78.0,Male,Unknown,120.0,102.0,198.0,Unknown,Healthy,76+
P101503,60.0,Male,"dizziness, chest pain, shortness of breath, fatigue",171.0,150.0,266.0,Family history of heart disease,Heart Disease,46-60
P101504,39.0,Male,"body ache, fever, sore throat, fatigue",120.0,65.0,225.0,Seasonal flu,Flu,31-45
P101505,60.0,Male,"nausea, vomiting",126.0,82.0,177.0,Gastritis,Gastroenteritis,46-60
P101506,22.0,Female,"sore throat, cough",106.0,128.0,204.0,Unknown,Flu,18-30
P101507,30.0,Male,"sensitivity to light, dizziness",102.0,115.0,196.0,Family history of migraine,Migraine,18-30
P101508,52.0,Female,"sore throat, cough, fatigue, body ache",114.0,115.0,215.0,Seasonal flu,Flu,46-60
P101509,18.0,Female,"headache, dizziness, fatigue",177.0,131.0,227.0,Hypertension,Hypertension,18-30
P101510,45.0,Male,"nausea, dizziness, sensitivity to light, headache",133.0,65.0,187.0,Unknown,Migraine,31-45
P101511,29.0,Male,"increased thirst, frequent urination, blurred vision",133.0,186.0,239.0,Unknown,Diabetes,18-30
P101512,48.0,Female,"headache, dizziness, fatigue",138.0,135.0,247.0,Family history of hypertension,Hypertension,46-60
P101513,28.0,Female,"shortness of breath, chest pain",136.0,84.0,170.0,Asthma,Pneumonia,18-30
P101514,53.0,Male,"nausea, dizziness, sensitivity to light",106.0,159.0,229.0,Family history of migraine,Migraine,46-60
P101515,46.0,Male,Unknown,94.0,97.0,196.0,Unknown,Healthy,46-60
P101516,70.0,Female,"dizziness, fatigue, headache",148.0,69.0,241.0,Hypertension,Hypertension,61-75
P101517,46.0,Female,"frequent urination, fatigue, blurred vision, increased thirst",160.0,181.0,214.0,Family history of diabetes,Diabetes,46-60
P101518,33.0,Female,Unknown,140.0,73.0,184.0,Unknown,Healthy,31-45
P101519,42.0,Female,"dizziness, fatigue",144.0,136.0,253.0,Unknown,Hypertension,31-45
P101520,23.0,Female,"fatigue, dizziness, headache",138.0,118.0,195.0,Hypertension,Hypertension,18-30
P101521,53.0,Male,"shortness of breath, dizziness, fatigue",124.0,105.0,266.0,Heart disease,Heart Disease,46-60
P101522,56.0,Female,"cough, body ache",124.0,137.0,208.0,Unknown,Flu,46-60
P101523,85.0,Male,Unknown,125.0,123.0,130.0,Unknown,Healthy,76+
P101524,35.0,Female,"sensitivity to light, nausea",133.0,78.0,198.0,Migraine,Migraine,31-45
P101525,41.0,Female,"dizziness, nausea, headache, sensitivity to light",136.0,95.0,211.0,Unknown,Migraine,31-45
P101526,36.0,Female,"headache, dizziness, fatigue",147.0,120.0,250.0,Family history of hypertension,Hypertension,31-45
P101527,50.0,Male,"dizziness, chest pain, fatigue, shortness of breath",155.0,109.0,275.0,Family history of heart disease,Heart Disease,46-60
P101528,52.0,Female,"fatigue, sore throat",112.0,95.0,184.0,Unknown,Flu,46-60
P101529,45.0,Female,"frequent urination, blurred vision, fatigue, increased thirst",140.0,173.0,200.0,Family history of diabetes,Diabetes,31-45
P101530,64.0,Female,"fatigue, headache, dizziness",147.0,92.0,199.0,Hypertension,Hypertension,61-75
P101531,36.0,Female,"fatigue, chest pain, dizziness, shortness of breath",151.0,65.0,279.0,Family history of heart disease,Heart Disease,31-45
P101532,63.0,Male,"blurred vision, frequent urination, increased thirst, fatigue",141.0,182.0,245.0,Unknown,Diabetes,61-75
P101533,55.0,Male,"body ache, fever, sore throat",129.0,65.0,220.0,Seasonal flu,Flu,46-60
P101534,46.0,Female,"nausea, sensitivity to light, headache, dizziness",135.0,77.0,178.0,Family history of migraine,Migraine,46-60
P101535,41.0,Female,"blurred vision, increased thirst, frequent urination",109.0,132.0,243.0,Unknown,Diabetes,31-45
P101536,85.0,Female,"body ache, cough, fever, sore throat",113.0,75.0,162.0,Seasonal flu,Flu,76+
P101537,32.0,Female,"fever, vomiting, nausea, abdominal pain",112.0,103.0,165.0,Gastritis,Gastroenteritis,31-45
P101538,51.0,Male,"headache, dizziness, nausea",105.0,96.0,199.0,Migraine,Migraine,46-60
P101539,33.0,Male,"fever, diarrhea, nausea",110.0,88.0,202.0,Previous gastrointestinal infection,Gastroenteritis,31-45
P101540,76.0,Female,"sore throat, fatigue, cough",121.0,80.0,236.0,Seasonal flu,Flu,76+
P101541,61.0,Male,"abdominal pain, vomiting",139.0,87.0,185.0,Unknown,Gastroenteritis,61-75
P101542,34.0,Female,"dizziness, headache, fatigue",151.0,117.0,215.0,Family history of hypertension,Hypertension,31-45
P101543,55.0,Female,"dizziness, chest pain, fatigue",162.0,117.0,207.0,Hypertension,Heart Disease,46-60
P101544,50.0,Female,"fatigue, headache",156.0,130.0,222.0,Hypertension,Hypertension,46-60
P101545,37.0,Male,"fever, cough, sore throat",112.0,120.0,242.0,Unknown,Flu,31-45
P101546,59.0,Female,"dizziness, fatigue, chest pain",150.0,114.0,276.0,Hypertension,Heart Disease,46-60
P101547,53.0,Male,"headache, dizziness, fatigue",163.0,72.0,266.0,Hypertension,Hypertension,46-60
P101548,50.0,Male,"nausea, dizziness, sensitivity to light",142.0,84.0,190.0,Migraine,Migraine,46-60
P101549,45.0,Male,"chest pain, shortness of breath, dizziness, fatigue",144.0,114.0,255.0,High cholesterol,Heart Disease,31-45
P101550,53.0,Male,"fatigue, headache, dizziness",129.0,96.0,256.0,Hypertension,Hypertension,46-60
P101551,50.0,Female,"frequent urination, blurred vision, increased thirst, fatigue",109.0,150.0,214.0,Unknown,Diabetes,46-60
P101552,47.0,Female,"sore throat, cough",117.0,103.0,183.0,Seasonal flu,Flu,46-60
P101553,35.0,Male,"fatigue, chest pain",111.0,167.0,237.0,High cholesterol,Heart Disease,31-45
P101554,46.0,Female,"fatigue, chest pain, dizziness",177.0,113.0,250.0,Family history of heart disease,Heart Disease,46-60
P101555,28.0,Male,"headache, dizziness",156.0,107.0,236.0,Family history of hypertension,Hypertension,18-30
P101556,53.0,Female,"headache, nausea",117.0,72.0,177.0,Family history of migraine,Migraine,46-60
P101557,41.0,Female,Unknown,100.0,118.0,184.0,Unknown,Healthy,31-45
P101558,76.0,Female,"sore throat, body ache",141.0,128.0,203.0,Seasonal flu,Flu,76+
P101559,31.0,Male,"chest pain, fever",108.0,117.0,186.0,Asthma,Pneumonia,31-45
P101560,34.0,Male,Unknown,100.0,119.0,156.0,Unknown,Healthy,31-45
P101561,30.0,Male,Unknown,103.0,79.0,178.0,Unknown,Healthy,18-30
P101562,51.0,Female,"shortness of breath, cough, fever",129.0,98.0,182.0,Previous respiratory infection,Pneumonia,46-60
P101563,23.0,Female,Unknown,121.0,124.0,175.0,Unknown,Healthy,18-30
P101564,38.0,Male,Unknown,131.0,104.0,203.0,Unknown,Healthy,31-45
P101565,18.0,Male,"nausea, fever",128.0,65.0,153.0,Gastritis,Gastroenteritis,18-30
P101566,50.0,Female,"fever, cough, sore throat, body ache",122.0,112.0,243.0,Seasonal flu,Flu,46-60
P101567,37.0,Male,"increased thirst, blurred vision, frequent urination",145.0,157.0,222.0,Diabetes,Diabetes,31-45
P101568,21.0,Female,"increased thirst, fatigue",118.0,186.0,230.0,Unknown,Diabetes,18-30
P101569,64.0,Female,"fever, cough, sore throat",99.0,115.0,176.0,Seasonal flu,Flu,61-75
P101570,24.0,Male,"sore throat, cough, fever, body ache",108.0,65.0,213.0,Seasonal flu,Flu,18-30
P101571,60.0,Male,"fatigue, chest pain, dizziness, shortness of breath",137.0,126.0,255.0,Family history of heart disease,Heart Disease,46-60
P101572,34.0,Male,"fever, body ache, sore throat, fatigue",110.0,103.0,178.0,Unknown,Flu,31-45
P101573,73.0,Male,"sore throat, fatigue, cough, body ache",113.0,116.0,182.0,Unknown,Flu,61-75
P101574,59.0,Female,Unknown,114.0,113.0,184.0,Previous gastrointestinal infection,Gastroenteritis,46-60
P101575,29.0,Female,"increased thirst, frequent urination",138.0,201.0,232.0,Family history of diabetes,Diabetes,18-30
P101576,30.0,Male,"dizziness, fatigue",172.0,116.0,239.0,Unknown,Hypertension,18-30
P101577,56.0,Female,"fever, vomiting, nausea, diarrhea",96.0,100.0,189.0,Previous gastrointestinal infection,Gastroenteritis,46-60
P101578,42.0,Male,"vomiting, fever, nausea",99.0,122.0,170.0,Gastritis,Gastroenteritis,31-45
P101579,43.0,Male,Unknown,105.0,141.0,159.0,Unknown,Healthy,31-45
P101580,68.0,Female,Unknown,131.0,118.0,172.0,Unknown,Healthy,61-75
P101581,33.0,Female,Unknown,111.0,94.0,187.0,Unknown,Healthy,31-45
P101582,48.0,Female,"fatigue, chest pain",136.0,126.0,271.0,High cholesterol,Heart Disease,46-60
P101583,62.0,Male,"dizziness, fatigue, chest pain, shortness of breath",159.0,126.0,278.0,High cholesterol,Heart Disease,61-75
P101584,60.0,Female,"headache, fatigue, dizziness",167.0,115.0,241.0,Hypertension,Hypertension,46-60
P101585,43.0,Male,"fever, cough",125.0,150.0,202.0,Previous respiratory infection,Pneumonia,31-45
P101586,41.0,Female,Unknown,104.0,75.0,173.0,Unknown,Healthy,31-45
P101587,18.0,Female,"shortness of breath, chest pain",145.0,135.0,208.0,Heart disease,Heart Disease,18-30
P101588,28.0,Female,"body ache, sore throat",115.0,94.0,181.0,Unknown,Flu,18-30
P101589,51.0,Male,"fatigue, chest pain, dizziness, shortness of breath",144.0,85.0,247.0,Hypertension,Heart Disease,46-60
P101590,44.0,Male,"dizziness, headache",144.0,107.0,213.0,Unknown,Hypertension,31-45
P101591,47.0,Female,"dizziness, headache",164.0,99.0,225.0,Family history of hypertension,Hypertension,46-60
P101592,64.0,Male,"frequent urination, blurred vision, fatigue, increased thirst",139.0,189.0,232.0,Unknown,Diabetes,61-75
P101593,26.0,Female,Unknown,127.0,89.0,147.0,Unknown,Healthy,18-30
P101594,42.0,Male,"shortness of breath, fatigue",164.0,93.0,237.0,Hypertension,Heart Disease,31-45
P101595,49.0,Female,"nausea, abdominal pain, vomiting",125.0,130.0,226.0,Unknown,Gastroenteritis,46-60
P101596,34.0,Male,"dizziness, sensitivity to light, nausea, headache",115.0,120.0,154.0,Family history of migraine,Migraine,31-45
P101597,70.0,Female,"headache, fatigue",170.0,152.0,239.0,Hypertension,Hypertension,61-75
P101598,61.0,Male,"headache, dizziness",160.0,120.0,213.0,Family history of hypertension,Hypertension,61-75
P101599,51.0,Male,"fever, nausea, diarrhea",156.0,98.0,171.0,Gastritis,Gastroenteritis,46-60
P101600,77.0,Female,"dizziness, headache",161.0,134.0,240.0,Family history of hypertension,Hypertension,76+
P101601,21.0,Male,Unknown,121.0,73.0,149.0,Unknown,Healthy,18-30
P101602,46.0,Female,"increased thirst, blurred vision",136.0,175.0,239.0,Family history of diabetes,Diabetes,46-60
P101603,52.0,Female,"sensitivity to light, nausea",124.0,97.0,229.0,Unknown,Migraine,46-60
P101604,30.0,Female,"diarrhea, nausea, vomiting, fever",112.0,65.0,205.0,Previous gastrointestinal infection,Gastroenteritis,18-30
P101605,51.0,Female,"dizziness, headache, fatigue",156.0,115.0,264.0,Unknown,Hypertension,46-60
P101606,27.0,Female,"fatigue, headache, dizziness",155.0,97.0,201.0,Hypertension,Hypertension,18-30
P101607,58.0,Male,Unknown,135.0,90.0,175.0,Unknown,Healthy,46-60
P101608,64.0,Female,"headache, dizziness",159.0,124.0,253.0,Unknown,Hypertension,61-75
P101609,51.0,Male,"fatigue, cough, sore throat, body ache",116.0,130.0,212.0,Seasonal flu,Flu,46-60
P101610,18.0,Female,"fatigue, body ache, fever",112.0,76.0,227.0,Seasonal flu,Flu,18-30
P101611,30.0,Male,"fatigue, dizziness, headache",130.0,100.0,261.0,Unknown,Hypertension,18-30
P101612,56.0,Female,"fever, vomiting, abdominal pain",143.0,83.0,212.0,Gastritis,Gastroenteritis,46-60
P101613,46.0,Male,"nausea, abdominal pain, fever, diarrhea",111.0,79.0,251.0,Gastritis,Gastroenteritis,46-60
P101614,18.0,Male,"dizziness, fatigue, shortness of breath, chest pain",155.0,96.0,252.0,Heart disease,Heart Disease,18-30
P101615,67.0,Male,"abdominal pain, diarrhea",126.0,98.0,185.0,Unknown,Gastroenteritis,61-75
P101616,48.0,Male,"headache, fatigue, dizziness",156.0,125.0,243.0,Family history of hypertension,Hypertension,46-60
P101617,32.0,Male,"blurred vision, frequent urination, fatigue",128.0,176.0,200.0,Unknown,Diabetes,31-45
P101618,63.0,Male,"cough, shortness of breath, chest pain",118.0,84.0,198.0,Asthma,Pneumonia,61-75
P101619,34.0,Male,Unknown,100.0,118.0,134.0,Unknown,Healthy,31-45
P101620,34.0,Female,"increased thirst, frequent urination",154.0,190.0,210.0,Diabetes,Diabetes,31-45
P101621,52.0,Male,"fatigue, dizziness",154.0,93.0,237.0,Unknown,Hypertension,46-60
P101622,76.0,Female,"sore throat, fever",142.0,108.0,219.0,Unknown,Flu,76+
P101623,74.0,Male,"diarrhea, fever",143.0,111.0,220.0,Previous gastrointestinal infection,Gastroenteritis,61-75
P101624,52.0,Female,"increased thirst, fatigue, frequent urination, blurred vision",128.0,170.0,203.0,Unknown,Diabetes,46-60
P101625,54.0,Male,"chest pain, fatigue",154.0,126.0,307.0,Hypertension,Heart Disease,46-60
P101626,59.0,Female,"headache, sensitivity to light, dizziness",127.0,102.0,201.0,Family history of migraine,Migraine,46-60
P101627,25.0,Female,"dizziness, fatigue, shortness of breath",126.0,123.0,257.0,Heart disease,Heart Disease,18-30
P101628,57.0,Female,"dizziness, fatigue",151.0,118.0,202.0,Unknown,Hypertension,46-60
P101629,34.0,Male,"fatigue, headache",157.0,101.0,221.0,Hypertension,Hypertension,31-45
P101630,51.0,Male,"fever, cough, fatigue",115.0,65.0,216.0,Unknown,Flu,46-60
P101631,42.0,Male,"body ache, sore throat",116.0,112.0,193.0,Unknown,Flu,31-45
P101632,55.0,Male,Unknown,115.0,86.0,183.0,Unknown,Healthy,46-60
P101633,48.0,Male,"cough, chest pain",156.0,121.0,199.0,Asthma,Pneumonia,46-60
P101634,18.0,Female,Unknown,93.0,103.0,155.0,Migraine,Migraine,18-30
P101635,49.0,Male,Unknown,124.0,85.0,176.0,Unknown,Healthy,46-60
P101636,57.0,Female,"body ache, sore throat",120.0,127.0,226.0,Seasonal flu,Flu,46-60
P101637,54.0,Male,"chest pain, fatigue",139.0,123.0,283.0,Hypertension,Heart Disease,46-60
P101638,44.0,Male,Unknown,112.0,95.0,175.0,Unknown,Healthy,31-45
P101639,74.0,Male,"fatigue, headache",166.0,115.0,281.0,Family history of hypertension,Hypertension,61-75
P101640,51.0,Male,"dizziness, sensitivity to light, headache",135.0,138.0,166.0,Family history of migraine,Migraine,46-60
P101641,53.0,Female,"headache, nausea, dizziness, sensitivity to light",128.0,85.0,173.0,Unknown,Migraine,46-60
P101642,64.0,Female,"blurred vision, fatigue, frequent urination, increased thirst",151.0,170.0,274.0,Family history of diabetes,Diabetes,61-75
P101643,52.0,Female,"fatigue, cough, fever",140.0,76.0,205.0,Unknown,Flu,46-60
P101644,31.0,Male,"fatigue, headache",160.0,123.0,228.0,Unknown,Hypertension,31-45
P101645,18.0,Male,"fatigue, headache, dizziness",138.0,91.0,231.0,Hypertension,Hypertension,18-30
P101646,38.0,Female,"sore throat, fatigue, fever, body ache",127.0,89.0,169.0,Unknown,Flu,31-45
P101647,59.0,Male,"headache, dizziness, fatigue",161.0,103.0,247.0,Family history of hypertension,Hypertension,46-60
P101648,40.0,Male,"nausea, abdominal pain, diarrhea, fever",106.0,97.0,192.0,Gastritis,Gastroenteritis,31-45
P101649,60.0,Female,Unknown,97.0,68.0,181.0,Unknown,Healthy,46-60
P101650,49.0,Male,"fever, nausea, abdominal pain, vomiting",90.0,65.0,161.0,Gastritis,Gastroenteritis,46-60
P101651,68.0,Male,"dizziness, headache, fatigue",156.0,127.0,249.0,Family history of hypertension,Hypertension,61-75
P101652,41.0,Male,"headache, fatigue",154.0,65.0,224.0,Unknown,Hypertension,31-45
P101653,54.0,Female,"fatigue, headache",136.0,132.0,216.0,Hypertension,Hypertension,46-60
P101654,55.0,Male,"blurred vision, frequent urination, fatigue, increased thirst",148.0,209.0,257.0,Unknown,Diabetes,46-60
P101655,72.0,Female,Unknown,123.0,95.0,235.0,Unknown,Healthy,61-75
P101656,18.0,Male,"chest pain, shortness of breath",160.0,138.0,296.0,High cholesterol,Heart Disease,18-30
P101657,38.0,Male,"headache, dizziness",155.0,109.0,252.0,Family history of hypertension,Hypertension,31-45
P101658,60.0,Male,"vomiting, fever, nausea",106.0,136.0,185.0,Previous gastrointestinal infection,Gastroenteritis,46-60
P101659,72.0,Female,"dizziness, chest pain",157.0,113.0,259.0,Hypertension,Heart Disease,61-75
P101660,50.0,Male,"increased thirst, fatigue",142.0,121.0,236.0,Unknown,Diabetes,46-60
P101661,41.0,Female,"fatigue, headache",143.0,108.0,227.0,Family history of hypertension,Hypertension,31-45
P101662,59.0,Male,"chest pain, cough, shortness of breath",108.0,144.0,227.0,Previous respiratory infection,Pneumonia,46-60
P101663,61.0,Male,"nausea, vomiting",122.0,113.0,142.0,Previous gastrointestinal infection,Gastroenteritis,61-75
P101664,40.0,Male,"fatigue, headache",136.0,98.0,230.0,Hypertension,Hypertension,31-45
P101665,52.0,Male,Unknown,133.0,101.0,199.0,Unknown,Healthy,46-60
P101666,66.0,Male,Unknown,114.0,119.0,162.0,Unknown,Healthy,61-75
P101667,78.0,Female,"vomiting, abdominal pain, nausea, fever",148.0,103.0,189.0,Gastritis,Gastroenteritis,76+
P101668,59.0,Female,"fatigue, dizziness, headache",124.0,172.0,255.0,Unknown,Hypertension,46-60
P101669,47.0,Female,"fatigue, blurred vision",134.0,161.0,262.0,Family history of diabetes,Diabetes,46-60
P101670,45.0,Female,Unknown,136.0,114.0,147.0,Unknown,Healthy,31-45
P101671,55.0,Female,"shortness of breath, chest pain, fatigue",135.0,135.0,224.0,Heart disease,Heart Disease,46-60
P101672,44.0,Female,"cough, shortness of breath, chest pain",124.0,87.0,170.0,Unknown,Pneumonia,31-45
P101673,49.0,Male,"sensitivity to light, dizziness",119.0,91.0,159.0,Unknown,Migraine,46-60
P101674,28.0,Female,"increased thirst, frequent urination, blurred vision",119.0,190.0,186.0,Unknown,Diabetes,18-30
P101675,68.0,Female,"abdominal pain, nausea, fever",126.0,106.0,169.0,Gastritis,Gastroenteritis,61-75
P101676,27.0,Male,Unknown,95.0,95.0,204.0,Unknown,Healthy,18-30
P101677,39.0,Female,"nausea, dizziness, headache, sensitivity to light",121.0,65.0,186.0,Family history of migraine,Migraine,31-45
P101678,48.0,Female,"sore throat, fatigue, body ache",129.0,116.0,191.0,Unknown,Flu,46-60
P101679,80.0,Male,Unknown,119.0,107.0,162.0,Unknown,Healthy,76+
P101680,39.0,Female,"body ache, sore throat, fever",106.0,98.0,204.0,Seasonal flu,Flu,31-45
P101681,35.0,Male,"sensitivity to light, nausea",137.0,104.0,238.0,Unknown,Migraine,31-45
P101682,37.0,Male,"nausea, abdominal pain, vomiting, fever",127.0,86.0,165.0,Gastritis,Gastroenteritis,31-45
P101683,74.0,Male,"dizziness, nausea, headache",115.0,93.0,242.0,Migraine,Migraine,61-75
P101684,18.0,Female,"dizziness, headache",128.0,99.0,241.0,Hypertension,Hypertension,18-30
P101685,29.0,Male,"blurred vision, fatigue, frequent urination, increased thirst",116.0,108.0,222.0,Family history of diabetes,Diabetes,18-30
P101686,85.0,Female,"fatigue, headache, dizziness",166.0,169.0,256.0,Hypertension,Hypertension,76+
P101687,56.0,Male,"cough, fatigue",127.0,124.0,202.0,Unknown,Flu,46-60
P101688,46.0,Male,"fatigue, cough",129.0,75.0,231.0,Seasonal flu,Flu,46-60
P101689,45.0,Female,"cough, fever, shortness of breath",121.0,148.0,205.0,Unknown,Pneumonia,31-45
P101690,47.0,Male,"chest pain, dizziness",133.0,107.0,268.0,High cholesterol,Heart Disease,46-60
P101691,60.0,Female,"diarrhea, fever",134.0,101.0,181.0,Gastritis,Gastroenteritis,46-60
P101692,77.0,Male,Unknown,114.0,120.0,205.0,Unknown,Healthy,76+
P101693,53.0,Female,"dizziness, fatigue, headache",155.0,70.0,217.0,Hypertension,Hypertension,46-60
P101694,37.0,Female,"nausea, sensitivity to light",101.0,92.0,196.0,Family history of migraine,Migraine,31-45
P101695,59.0,Male,"headache, nausea, dizziness, sensitivity to light",119.0,90.0,267.0,Migraine,Migraine,46-60
P101696,34.0,Male,"cough, body ache, fever",133.0,103.0,128.0,Seasonal flu,Flu,31-45
P101697,28.0,Male,"fatigue, dizziness, headache",138.0,115.0,240.0,Unknown,Hypertension,18-30
P101698,18.0,Female,"diarrhea, abdominal pain, fever, nausea",125.0,89.0,189.0,Gastritis,Gastroenteritis,18-30
P101699,19.0,Female,Unknown,90.0,83.0,167.0,Unknown,Healthy,18-30
P101700,31.0,Male,"sensitivity to light, dizziness",114.0,119.0,187.0,Migraine,Migraine,31-45
P101701,26.0,Male,Unknown,110.0,94.0,176.0,Unknown,Healthy,18-30
P101702,51.0,Female,Unknown,141.0,94.0,173.0,Unknown,Healthy,46-60
P101703,26.0,Male,"shortness of breath, fatigue, dizziness",126.0,115.0,257.0,Heart disease,Heart Disease,18-30
P101704,18.0,Female,"fever, chest pain",131.0,137.0,176.0,Previous respiratory infection,Pneumonia,18-30
P101705,28.0,Female,"sore throat, body ache, cough, fever",133.0,101.0,235.0,Seasonal flu,Flu,18-30
P101706,38.0,Male,Unknown,105.0,79.0,171.0,Unknown,Healthy,31-45
P101707,36.0,Male,"fatigue, frequent urination",125.0,128.0,237.0,Family history of diabetes,Diabetes,31-45
P101708,72.0,Male,"fever, sore throat, cough, fatigue",128.0,76.0,179.0,Unknown,Flu,61-75
P101709,36.0,Male,Unknown,94.0,79.0,199.0,Unknown,Healthy,31-45
P101710,61.0,Female,"fatigue, dizziness, headache",148.0,113.0,259.0,Unknown,Hypertension,61-75
P101711,46.0,Female,"diarrhea, vomiting, nausea, abdominal pain",136.0,85.0,198.0,Unknown,Gastroenteritis,46-60
P101712,45.0,Female,"chest pain, fatigue",153.0,124.0,230.0,High cholesterol,Heart Disease,31-45
P101713,32.0,Female,Unknown,111.0,76.0,157.0,Unknown,Healthy,31-45
P101714,45.0,Male,Unknown,118.0,72.0,218.0,Unknown,Healthy,31-45
P101715,33.0,Female,"chest pain, fatigue",152.0,126.0,234.0,Heart disease,Heart Disease,31-45
P101716,49.0,Male,"nausea, fever, abdominal pain",130.0,128.0,204.0,Gastritis,Gastroenteritis,46-60
P101717,42.0,Male,"chest pain, fatigue, dizziness",138.0,91.0,232.0,High cholesterol,Heart Disease,31-45
P101718,30.0,Male,"shortness of breath, chest pain, cough, fever",145.0,105.0,214.0,Previous respiratory infection,Pneumonia,18-30
P101719,63.0,Female,"fever, chest pain, shortness of breath, cough",148.0,66.0,180.0,Previous respiratory infection,Pneumonia,61-75
P101720,53.0,Female,"nausea, diarrhea, fever, vomiting",129.0,67.0,166.0,Previous gastrointestinal infection,Gastroenteritis,46-60
P101721,38.0,Male,"increased thirst, frequent urination",119.0,157.0,207.0,Family history of diabetes,Diabetes,31-45
P101722,48.0,Female,"fatigue, dizziness, headache",137.0,137.0,225.0,Family history of hypertension,Hypertension,46-60
P101723,45.0,Male,"dizziness, sensitivity to light, nausea, headache",119.0,82.0,205.0,Migraine,Migraine,31-45
P101724,31.0,Male,"cough, fatigue, fever",119.0,80.0,189.0,Seasonal flu,Flu,31-45
P101725,47.0,Male,"body ache, cough, sore throat, fever",97.0,102.0,164.0,Seasonal flu,Flu,46-60
P101726,35.0,Female,"blurred vision, fatigue",137.0,170.0,222.0,Unknown,Diabetes,31-45
P101727,30.0,Male,"dizziness, shortness of breath, fatigue",161.0,95.0,225.0,Family history of heart disease,Heart Disease,18-30
P101728,18.0,Male,Unknown,119.0,129.0,188.0,Unknown,Healthy,18-30
P101729,40.0,Male,"blurred vision, frequent urination, increased thirst",122.0,165.0,244.0,Diabetes,Diabetes,31-45
P101730,56.0,Female,"dizziness, shortness of breath, fatigue, chest pain",137.0,121.0,257.0,High cholesterol,Heart Disease,46-60
P101731,34.0,Female,Unknown,118.0,80.0,182.0,Unknown,Healthy,31-45
P101732,85.0,Male,"frequent urination, blurred vision, fatigue",137.0,192.0,275.0,Family history of diabetes,Diabetes,76+
P101733,61.0,Female,"sensitivity to light, nausea, headache",133.0,130.0,194.0,Migraine,Migraine,61-75
P101734,68.0,Male,"headache, dizziness, fatigue",164.0,153.0,220.0,Hypertension,Hypertension,61-75
P101735,60.0,Male,Unknown,134.0,79.0,195.0,Unknown,Healthy,46-60
P101736,77.0,Female,"dizziness, nausea",114.0,131.0,174.0,Unknown,Migraine,76+
P101737,33.0,Female,Unknown,117.0,101.0,171.0,Unknown,Healthy,31-45
P101738,18.0,Male,"dizziness, headache",141.0,126.0,218.0,Unknown,Hypertension,18-30
P101739,38.0,Female,"body ache, fever, cough",118.0,97.0,172.0,Seasonal flu,Flu,31-45
P101740,55.0,Male,"nausea, abdominal pain",132.0,95.0,184.0,Gastritis,Gastroenteritis,46-60
P101741,49.0,Female,"fatigue, headache, dizziness",165.0,133.0,260.0,Family history of hypertension,Hypertension,46-60
P101742,51.0,Female,"fatigue, dizziness",172.0,134.0,266.0,Family history of hypertension,Hypertension,46-60
P101743,68.0,Female,"frequent urination, blurred vision",142.0,212.0,252.0,Unknown,Diabetes,61-75
P101744,52.0,Male,Unknown,116.0,98.0,187.0,Unknown,Healthy,46-60
P101745,60.0,Female,"nausea, sensitivity to light, headache, dizziness",123.0,100.0,192.0,Unknown,Migraine,46-60
P101746,30.0,Female,"chest pain, cough",99.0,65.0,133.0,Asthma,Pneumonia,18-30
P101747,27.0,Male,"sensitivity to light, dizziness, nausea, headache",140.0,65.0,200.0,Unknown,Migraine,18-30
P101748,73.0,Male,"fatigue, cough, body ache",129.0,99.0,141.0,Seasonal flu,Flu,61-75
P101749,48.0,Female,Unknown,129.0,78.0,144.0,Unknown,Flu,46-60
P101750,35.0,Male,"body ache, fatigue, fever",129.0,116.0,184.0,Unknown,Flu,31-45
P101751,35.0,Female,"chest pain, fever, cough, shortness of breath",107.0,72.0,197.0,Previous respiratory infection,Pneumonia,31-45
P101752,35.0,Male,"dizziness, headache, fatigue",136.0,97.0,225.0,Hypertension,Hypertension,31-45
P101753,34.0,Female,Unknown,136.0,79.0,213.0,Unknown,Healthy,31-45
P101754,24.0,Male,"nausea, diarrhea, abdominal pain",118.0,118.0,195.0,Unknown,Gastroenteritis,18-30
P101755,20.0,Female,"shortness of breath, chest pain, fatigue",133.0,96.0,244.0,Hypertension,Heart Disease,18-30
P101756,43.0,Female,"shortness of breath, chest pain",124.0,112.0,226.0,Asthma,Pneumonia,31-45
P101757,36.0,Male,"increased thirst, fatigue, blurred vision, frequent urination",146.0,174.0,261.0,Diabetes,Diabetes,31-45
P101758,65.0,Female,Unknown,133.0,117.0,194.0,Unknown,Healthy,61-75
P101759,51.0,Female,Unknown,97.0,112.0,161.0,Unknown,Healthy,46-60
P101760,51.0,Male,Unknown,140.0,93.0,166.0,Unknown,Healthy,46-60
P101761,33.0,Male,"dizziness, shortness of breath",157.0,76.0,218.0,Hypertension,Heart Disease,31-45
P101762,44.0,Female,"fatigue, headache, dizziness",149.0,106.0,237.0,Hypertension,Hypertension,31-45
P101763,52.0,Female,"fatigue, headache, dizziness",136.0,112.0,214.0,Unknown,Hypertension,46-60
P101764,58.0,Male,"blurred vision, increased thirst, frequent urination, fatigue",149.0,182.0,220.0,Family history of diabetes,Diabetes,46-60
P101765,44.0,Female,"blurred vision, increased thirst, frequent urination",138.0,156.0,231.0,Diabetes,Diabetes,31-45
P101766,64.0,Male,"fatigue, increased thirst, blurred vision, frequent urination",115.0,202.0,181.0,Diabetes,Diabetes,61-75
P101767,46.0,Male,Unknown,113.0,108.0,148.0,Unknown,Healthy,46-60
P101768,59.0,Female,"frequent urination, increased thirst, blurred vision, fatigue",178.0,155.0,216.0,Family history of diabetes,Diabetes,46-60
P101769,38.0,Male,"blurred vision, increased thirst, fatigue, frequent urination",131.0,160.0,222.0,Family history of diabetes,Diabetes,31-45
P101770,18.0,Male,"nausea, diarrhea, vomiting, fever",103.0,133.0,171.0,Previous gastrointestinal infection,Gastroenteritis,18-30
P101771,51.0,Male,"chest pain, fever",113.0,119.0,188.0,Unknown,Pneumonia,46-60
P101772,58.0,Male,"nausea, abdominal pain",145.0,123.0,174.0,Gastritis,Gastroenteritis,46-60
P101773,56.0,Male,"fever, shortness of breath",140.0,83.0,160.0,Unknown,Pneumonia,46-60
P101774,53.0,Female,Unknown,137.0,79.0,167.0,Unknown,Healthy,46-60
P101775,40.0,Female,"cough, chest pain",129.0,87.0,187.0,Unknown,Pneumonia,31-45
P101776,32.0,Female,"fever, body ache",136.0,102.0,180.0,Seasonal flu,Flu,31-45
P101777,55.0,Female,"sensitivity to light, dizziness, headache, nausea",114.0,98.0,200.0,Migraine,Migraine,46-60
P101778,53.0,Male,"fatigue, fever, body ache, cough",125.0,92.0,202.0,Seasonal flu,Flu,46-60
P101779,36.0,Male,"dizziness, chest pain",148.0,106.0,270.0,Hypertension,Heart Disease,31-45
P101780,65.0,Female,"fever, fatigue, sore throat, body ache",144.0,89.0,179.0,Unknown,Flu,61-75
P101781,31.0,Male,"dizziness, headache, fatigue",129.0,104.0,197.0,Hypertension,Hypertension,31-45
P101782,36.0,Male,"diarrhea, abdominal pain, vomiting",108.0,119.0,217.0,Unknown,Gastroenteritis,31-45
P101783,74.0,Female,"dizziness, headache",157.0,85.0,253.0,Unknown,Hypertension,61-75
P101784,61.0,Female,"fatigue, dizziness, headache",130.0,123.0,218.0,Unknown,Hypertension,61-75
P101785,40.0,Female,"headache, fatigue, dizziness",118.0,140.0,244.0,Unknown,Hypertension,31-45
P101786,51.0,Male,"abdominal pain, fever",131.0,94.0,215.0,Previous gastrointestinal infection,Gastroenteritis,46-60
P101787,49.0,Male,"dizziness, shortness of breath, chest pain, fatigue",141.0,105.0,297.0,Family history of heart disease,Heart Disease,46-60
P101788,18.0,Male,"sensitivity to light, headache, nausea",115.0,113.0,196.0,Migraine,Migraine,18-30
P101789,31.0,Female,Unknown,125.0,67.0,201.0,Unknown,Healthy,31-45
P101790,45.0,Male,"frequent urination, blurred vision, increased thirst, fatigue",152.0,172.0,196.0,Family history of diabetes,Diabetes,31-45
P101791,40.0,Male,"headache, nausea, sensitivity to light, dizziness",131.0,75.0,193.0,Migraine,Migraine,31-45
P101792,50.0,Male,"shortness of breath, chest pain, fatigue, dizziness",174.0,76.0,248.0,Hypertension,Heart Disease,46-60
P101793,65.0,Female,"dizziness, fatigue",129.0,113.0,250.0,Unknown,Hypertension,61-75
P101794,41.0,Female,"sensitivity to light, headache, nausea",128.0,70.0,233.0,Family history of migraine,Migraine,31-45
P101795,28.0,Male,Unknown,116.0,87.0,181.0,Unknown,Healthy,18-30
P101796,52.0,Male,"fatigue, chest pain, dizziness",129.0,142.0,234.0,Hypertension,Heart Disease,46-60
P101797,40.0,Male,"fever, fatigue, body ache",133.0,141.0,159.0,Seasonal flu,Flu,31-45
P101798,43.0,Male,"headache, dizziness, fatigue",116.0,113.0,277.0,Unknown,Hypertension,31-45
P101799,41.0,Female,"sore throat, fatigue",112.0,122.0,202.0,Unknown,Flu,31-45
P101800,84.0,Male,"chest pain, fever",133.0,122.0,212.0,Unknown,Pneumonia,76+
P101801,18.0,Female,"fever, shortness of breath",110.0,88.0,179.0,Asthma,Pneumonia,18-30
P101802,39.0,Female,"chest pain, cough, shortness of breath",129.0,65.0,198.0,Unknown,Pneumonia,31-45
P101803,46.0,Female,"blurred vision, fatigue",158.0,208.0,202.0,Diabetes,Diabetes,46-60
P101804,33.0,Female,"headache, dizziness",137.0,73.0,202.0,Migraine,Migraine,31-45
P101805,61.0,Male,"headache, nausea, sensitivity to light",117.0,133.0,170.0,Unknown,Migraine,61-75
P101806,60.0,Male,"dizziness, sensitivity to light, nausea, headache",120.0,115.0,189.0,Migraine,Migraine,46-60
P101807,45.0,Male,"blurred vision, fatigue, increased thirst",114.0,151.0,210.0,Unknown,Diabetes,31-45
P101808,41.0,Female,"body ache, fatigue, cough",130.0,107.0,120.0,Seasonal flu,Flu,31-45
P101809,44.0,Male,"shortness of breath, chest pain",142.0,163.0,246.0,Family history of heart disease,Heart Disease,31-45
P101810,44.0,Male,"frequent urination, fatigue",104.0,206.0,203.0,Family history of diabetes,Diabetes,31-45
P101811,45.0,Male,"dizziness, headache, fatigue",152.0,100.0,233.0,Hypertension,Hypertension,31-45
P101812,43.0,Male,"fatigue, body ache, sore throat, fever",127.0,85.0,190.0,Unknown,Flu,31-45
P101813,50.0,Female,"nausea, sensitivity to light, dizziness, headache",138.0,102.0,238.0,Migraine,Migraine,46-60
P101814,59.0,Female,"fatigue, dizziness",152.0,111.0,248.0,Hypertension,Hypertension,46-60
P101815,25.0,Female,"vomiting, abdominal pain",109.0,118.0,192.0,Previous gastrointestinal infection,Gastroenteritis,18-30
P101816,28.0,Female,"cough, sore throat, fatigue, fever",146.0,113.0,198.0,Seasonal flu,Flu,18-30
P101817,18.0,Male,"headache, sensitivity to light, nausea, dizziness",119.0,65.0,211.0,Family history of migraine,Migraine,18-30
P101818,61.0,Male,"cough, fatigue, sore throat",134.0,115.0,204.0,Seasonal flu,Flu,61-75
P101819,50.0,Male,"fever, body ache",114.0,98.0,198.0,Seasonal flu,Flu,46-60
P101820,55.0,Female,"shortness of breath, cough, chest pain, fever",137.0,106.0,212.0,Asthma,Pneumonia,46-60
P101821,22.0,Female,Unknown,91.0,92.0,120.0,Unknown,Healthy,18-30
P101822,76.0,Male,"fatigue, sore throat, fever, body ache",120.0,135.0,246.0,Seasonal flu,Flu,76+
P101823,36.0,Female,"sore throat, fever",102.0,120.0,226.0,Unknown,Flu,31-45
P101824,49.0,Male,"cough, shortness of breath, chest pain, fever",118.0,88.0,199.0,Previous respiratory infection,Pneumonia,46-60
P101825,61.0,Male,"headache, nausea, dizziness, sensitivity to light",144.0,102.0,164.0,Family history of migraine,Migraine,61-75
P101826,29.0,Female,"blurred vision, frequent urination, fatigue",121.0,158.0,251.0,Unknown,Diabetes,18-30
P101827,37.0,Female,"body ache, fever, fatigue",130.0,65.0,172.0,Seasonal flu,Flu,31-45
P101828,49.0,Female,"body ache, fatigue, sore throat, cough",143.0,100.0,204.0,Unknown,Flu,46-60
P101829,85.0,Female,Unknown,123.0,143.0,155.0,Unknown,Healthy,76+
P101830,51.0,Male,"cough, fever",136.0,65.0,245.0,Unknown,Flu,46-60
P101831,73.0,Female,"fever, cough, sore throat",133.0,107.0,161.0,Seasonal flu,Flu,61-75
P101832,66.0,Female,Unknown,121.0,96.0,184.0,Unknown,Healthy,61-75
P101833,52.0,Male,"fatigue, sore throat",133.0,109.0,140.0,Unknown,Flu,46-60
P101834,29.0,Male,"fatigue, dizziness",174.0,86.0,234.0,Family history of hypertension,Hypertension,18-30
P101835,64.0,Female,"fatigue, dizziness",145.0,84.0,232.0,Unknown,Hypertension,61-75
P101836,21.0,Male,"frequent urination, blurred vision",114.0,136.0,247.0,Diabetes,Diabetes,18-30
P101837,73.0,Male,"increased thirst, frequent urination, blurred vision",123.0,208.0,220.0,Unknown,Diabetes,61-75
P101838,49.0,Female,"cough, body ache, sore throat, fever",136.0,80.0,218.0,Unknown,Flu,46-60
P101839,18.0,Female,"dizziness, headache, sensitivity to light",135.0,81.0,165.0,Migraine,Migraine,18-30
P101840,40.0,Female,"nausea, dizziness, sensitivity to light",116.0,144.0,187.0,Family history of migraine,Migraine,31-45
P101841,57.0,Female,"fatigue, frequent urination, blurred vision, increased thirst",104.0,159.0,221.0,Family history of diabetes,Diabetes,46-60
P101842,42.0,Male,"fatigue, cough, sore throat",111.0,108.0,201.0,Unknown,Flu,31-45
P101843,58.0,Female,"fatigue, dizziness, headache",161.0,138.0,249.0,Unknown,Hypertension,46-60
P101844,32.0,Male,Unknown,113.0,111.0,193.0,Unknown,Healthy,31-45
P101845,24.0,Female,"dizziness, fatigue, headache",150.0,76.0,240.0,Unknown,Hypertension,18-30
P101846,45.0,Male,"chest pain, cough, shortness of breath, fever",119.0,87.0,209.0,Unknown,Pneumonia,31-45
P101847,47.0,Female,"fatigue, shortness of breath",161.0,123.0,234.0,Heart disease,Heart Disease,46-60
P101848,40.0,Female,"fever, shortness of breath, chest pain",130.0,144.0,201.0,Previous respiratory infection,Pneumonia,31-45
P101849,67.0,Female,"body ache, sore throat, fatigue, fever",133.0,90.0,233.0,Unknown,Flu,61-75
P101850,32.0,Male,"dizziness, headache, sensitivity to light",124.0,85.0,152.0,Family history of migraine,Migraine,31-45
P101851,51.0,Male,"headache, fatigue, dizziness",159.0,122.0,251.0,Unknown,Hypertension,46-60
P101852,47.0,Male,Unknown,123.0,106.0,195.0,Unknown,Healthy,46-60
P101853,20.0,Male,"fatigue, fever",104.0,110.0,220.0,Unknown,Flu,18-30
P101854,24.0,Female,"sensitivity to light, nausea, headache, dizziness",125.0,75.0,208.0,Migraine,Migraine,18-30
P101855,46.0,Male,"abdominal pain, diarrhea",129.0,86.0,191.0,Previous gastrointestinal infection,Gastroenteritis,46-60
P101856,80.0,Female,Unknown,138.0,105.0,195.0,Unknown,Healthy,76+
P101857,56.0,Male,"fatigue, dizziness",159.0,142.0,223.0,Hypertension,Hypertension,46-60
P101858,18.0,Male,"headache, fatigue, dizziness",133.0,99.0,223.0,Family history of hypertension,Hypertension,18-30
P101859,18.0,Female,"fatigue, dizziness, headache",135.0,104.0,201.0,Hypertension,Hypertension,18-30
P101860,58.0,Male,"fatigue, dizziness",147.0,92.0,207.0,Hypertension,Hypertension,46-60
P101861,44.0,Male,"shortness of breath, cough",128.0,144.0,204.0,Unknown,Pneumonia,31-45
P101862,65.0,Male,Unknown,118.0,100.0,160.0,Unknown,Healthy,61-75
P101863,31.0,Male,Unknown,98.0,112.0,182.0,Unknown,Healthy,31-45
P101864,52.0,Female,"fever, fatigue",106.0,103.0,219.0,Unknown,Flu,46-60
P101865,60.0,Male,"shortness of breath, chest pain",99.0,109.0,220.0,Asthma,Pneumonia,46-60
P101866,38.0,Male,Unknown,90.0,65.0,154.0,Unknown,Healthy,31-45
P101867,39.0,Female,Unknown,113.0,65.0,120.0,Unknown,Healthy,31-45
P101868,46.0,Male,"headache, fatigue, dizziness",184.0,139.0,248.0,Unknown,Hypertension,46-60
P101869,55.0,Female,"fever, sore throat, body ache, cough",148.0,105.0,171.0,Unknown,Flu,46-60
P101870,46.0,Male,"vomiting, nausea",104.0,102.0,203.0,Unknown,Gastroenteritis,46-60
P101871,63.0,Female,"chest pain, fatigue",151.0,93.0,281.0,Family history of heart disease,Heart Disease,61-75
P101872,38.0,Male,"fever, body ache",99.0,79.0,215.0,Unknown,Flu,31-45
P101873,23.0,Male,Unknown,94.0,110.0,215.0,Unknown,Healthy,18-30
P101874,80.0,Female,Unknown,106.0,139.0,215.0,Unknown,Healthy,76+
P101875,36.0,Female,Unknown,111.0,76.0,218.0,Unknown,Healthy,31-45
P101876,36.0,Female,"diarrhea, fever, abdominal pain",114.0,110.0,219.0,Gastritis,Gastroenteritis,31-45
P101877,45.0,Female,"dizziness, headache, fatigue",155.0,115.0,273.0,Unknown,Hypertension,31-45
P101878,47.0,Male,"fatigue, dizziness, shortness of breath",156.0,114.0,254.0,High cholesterol,Heart Disease,46-60
P101879,39.0,Female,"sore throat, cough, fever, body ache",115.0,140.0,158.0,Seasonal flu,Flu,31-45
P101880,46.0,Female,"cough, fatigue",122.0,91.0,250.0,Unknown,Flu,46-60
P101881,45.0,Male,"body ache, fever",106.0,128.0,192.0,Seasonal flu,Flu,31-45
P101882,49.0,Male,"fever, cough",108.0,112.0,223.0,Unknown,Pneumonia,46-60
P101883,18.0,Male,"fatigue, shortness of breath, dizziness, chest pain",120.0,109.0,236.0,Hypertension,Heart Disease,18-30
P101884,78.0,Female,"nausea, dizziness, sensitivity to light, headache",139.0,137.0,225.0,Migraine,Migraine,76+
P101885,43.0,Male,"dizziness, fatigue, chest pain",141.0,122.0,196.0,Heart disease,Heart Disease,31-45
P101886,56.0,Male,"shortness of breath, dizziness, fatigue, chest pain",122.0,117.0,247.0,High cholesterol,Heart Disease,46-60
P101887,23.0,Female,"frequent urination, increased thirst",127.0,197.0,218.0,Diabetes,Diabetes,18-30
P101888,38.0,Female,"headache, fatigue",132.0,137.0,248.0,Hypertension,Hypertension,31-45
P101889,35.0,Male,Unknown,137.0,116.0,202.0,Unknown,Healthy,31-45
P101890,71.0,Female,"body ache, fatigue, fever",118.0,65.0,169.0,Seasonal flu,Flu,61-75
P101891,36.0,Male,"fatigue, headache, dizziness",159.0,118.0,252.0,Unknown,Hypertension,31-45
P101892,59.0,Female,"nausea, dizziness",142.0,107.0,227.0,Unknown,Migraine,46-60
P101893,35.0,Male,"fever, body ache, cough",106.0,98.0,244.0,Unknown,Flu,31-45
P101894,38.0,Male,"increased thirst, blurred vision",132.0,184.0,241.0,Unknown,Diabetes,31-45
P101895,42.0,Female,"dizziness, shortness of breath, fatigue, chest pain",153.0,121.0,243.0,High cholesterol,Heart Disease,31-45
P101896,68.0,Male,"dizziness, fatigue, headache",157.0,132.0,212.0,Unknown,Hypertension,61-75
P101897,18.0,Female,"shortness of breath, cough, fever, chest pain",126.0,90.0,232.0,Asthma,Pneumonia,18-30
P101898,24.0,Male,"fatigue, dizziness",129.0,139.0,251.0,Family history of hypertension,Hypertension,18-30
P101899,18.0,Female,"fatigue, frequent urination, blurred vision, increased thirst",135.0,182.0,219.0,Diabetes,Diabetes,18-30
P101900,28.0,Female,"fatigue, blurred vision, increased thirst, frequent urination",122.0,180.0,183.0,Unknown,Diabetes,18-30
P101901,32.0,Female,"chest pain, fever, shortness of breath",129.0,111.0,168.0,Unknown,Pneumonia,31-45
P101902,19.0,Female,"fatigue, blurred vision",140.0,191.0,235.0,Family history of diabetes,Diabetes,18-30
P101903,34.0,Female,"abdominal pain, vomiting",125.0,117.0,194.0,Previous gastrointestinal infection,Gastroenteritis,31-45
P101904,18.0,Male,"fatigue, headache",151.0,102.0,186.0,Family history of hypertension,Hypertension,18-30
P101905,29.0,Male,"fever, chest pain, shortness of breath, cough",132.0,121.0,205.0,Unknown,Pneumonia,18-30
P101906,66.0,Female,"sore throat, fatigue",134.0,110.0,157.0,Seasonal flu,Flu,61-75
P101907,53.0,Female,"fatigue, body ache",143.0,145.0,224.0,Unknown,Flu,46-60
P101908,49.0,Female,"frequent urination, increased thirst, fatigue",132.0,197.0,231.0,Diabetes,Diabetes,46-60
P101909,29.0,Female,"nausea, vomiting",117.0,79.0,174.0,Previous gastrointestinal infection,Gastroenteritis,18-30
P101910,20.0,Male,Unknown,125.0,137.0,197.0,Unknown,Healthy,18-30
P101911,27.0,Female,"fatigue, blurred vision, increased thirst",122.0,121.0,230.0,Unknown,Diabetes,18-30
P101912,45.0,Female,"headache, dizziness",132.0,125.0,270.0,Hypertension,Hypertension,31-45
P101913,61.0,Female,Unknown,126.0,81.0,183.0,Unknown,Healthy,61-75
P101914,61.0,Female,"cough, body ache",121.0,146.0,197.0,Unknown,Flu,61-75
P101915,57.0,Female,"headache, dizziness, fatigue",136.0,120.0,234.0,Hypertension,Hypertension,46-60
P101916,33.0,Female,"headache, dizziness, fatigue",156.0,91.0,242.0,Hypertension,Hypertension,31-45
P101917,46.0,Male,"cough, fever, shortness of breath",146.0,97.0,234.0,Unknown,Pneumonia,46-60
P101918,41.0,Female,"nausea, dizziness",100.0,82.0,182.0,Family history of migraine,Migraine,31-45
P101919,43.0,Male,"shortness of breath, cough",140.0,96.0,208.0,Asthma,Pneumonia,31-45
P101920,81.0,Male,Unknown,90.0,94.0,164.0,Unknown,Healthy,76+
P101921,18.0,Male,"fatigue, cough",111.0,78.0,135.0,Seasonal flu,Flu,18-30
P101922,42.0,Male,"shortness of breath, chest pain, fatigue, dizziness",171.0,121.0,259.0,Heart disease,Heart Disease,31-45
P101923,67.0,Male,"cough, body ache, sore throat, fatigue",120.0,115.0,203.0,Unknown,Flu,61-75
P101924,21.0,Female,"shortness of breath, dizziness, fatigue, chest pain",143.0,88.0,248.0,Heart disease,Heart Disease,18-30
P101925,35.0,Female,"dizziness, headache",160.0,72.0,200.0,Family history of hypertension,Hypertension,31-45
P101926,37.0,Female,"increased thirst, frequent urination, blurred vision",107.0,177.0,231.0,Diabetes,Diabetes,31-45
P101927,42.0,Male,"shortness of breath, fatigue, chest pain, dizziness",146.0,127.0,261.0,Hypertension,Heart Disease,31-45
P101928,19.0,Male,"sensitivity to light, nausea, dizziness",120.0,109.0,168.0,Migraine,Migraine,18-30
P101929,56.0,Female,"increased thirst, blurred vision",160.0,187.0,195.0,Diabetes,Diabetes,46-60
P101930,57.0,Female,"fatigue, sore throat, body ache",106.0,139.0,186.0,Seasonal flu,Flu,46-60
P101931,46.0,Female,"cough, chest pain",122.0,127.0,211.0,Unknown,Pneumonia,46-60
P101932,31.0,Female,"chest pain, fever, cough, shortness of breath",110.0,158.0,200.0,Asthma,Pneumonia,31-45
P101933,47.0,Female,"diarrhea, abdominal pain, vomiting",104.0,166.0,167.0,Unknown,Gastroenteritis,46-60
P101934,31.0,Female,"vomiting, fever",131.0,65.0,188.0,Unknown,Gastroenteritis,31-45
P101935,40.0,Female,"dizziness, nausea, sensitivity to light",123.0,65.0,215.0,Migraine,Migraine,31-45
P101936,83.0,Female,Unknown,131.0,181.0,204.0,Family history of diabetes,Diabetes,76+
P101937,48.0,Female,"cough, sore throat, body ache, fatigue",114.0,113.0,192.0,Unknown,Flu,46-60
P101938,26.0,Male,"shortness of breath, fever, cough",115.0,97.0,221.0,Previous respiratory infection,Pneumonia,18-30
P101939,49.0,Male,"fatigue, headache, dizziness",145.0,127.0,208.0,Unknown,Hypertension,46-60
P101940,23.0,Male,"increased thirst, fatigue",110.0,161.0,248.0,Unknown,Diabetes,18-30
P101941,26.0,Female,"dizziness, fatigue",144.0,91.0,273.0,Family history of hypertension,Hypertension,18-30
P101942,28.0,Female,"sore throat, fever, fatigue, cough",113.0,85.0,181.0,Seasonal flu,Flu,18-30
P101943,38.0,Male,"body ache, fever, fatigue",109.0,95.0,180.0,Unknown,Flu,31-45
P101944,62.0,Female,"headache, fatigue, dizziness",156.0,134.0,266.0,Hypertension,Hypertension,61-75
P101945,56.0,Male,"vomiting, fever",123.0,89.0,186.0,Previous gastrointestinal infection,Gastroenteritis,46-60
P101946,55.0,Male,Unknown,110.0,88.0,124.0,Unknown,Healthy,46-60
P101947,27.0,Female,"headache, dizziness, fatigue",146.0,119.0,232.0,Family history of hypertension,Hypertension,18-30
P101948,37.0,Male,Unknown,145.0,86.0,188.0,Unknown,Healthy,31-45
P101949,51.0,Male,"fatigue, blurred vision, frequent urination, increased thirst",163.0,198.0,244.0,Family history of diabetes,Diabetes,46-60
P101950,35.0,Male,Unknown,99.0,69.0,155.0,Unknown,Healthy,31-45
P101951,41.0,Male,Unknown,102.0,66.0,171.0,Unknown,Healthy,31-45
P101952,54.0,Female,"increased thirst, frequent urination, fatigue",119.0,181.0,250.0,Unknown,Diabetes,46-60
P101953,40.0,Female,"dizziness, nausea",138.0,107.0,193.0,Family history of migraine,Migraine,31-45
P101954,50.0,Female,Unknown,111.0,74.0,142.0,Unknown,Healthy,46-60
P101955,73.0,Female,Unknown,124.0,129.0,213.0,Unknown,Healthy,61-75
P101956,43.0,Male,Unknown,144.0,134.0,172.0,Unknown,Healthy,31-45
P101957,66.0,Female,"body ache, fever, sore throat, fatigue",125.0,92.0,220.0,Seasonal flu,Flu,61-75
P101958,56.0,Male,"frequent urination, blurred vision",144.0,207.0,194.0,Unknown,Diabetes,46-60
P101959,21.0,Male,"nausea, diarrhea",121.0,65.0,180.0,Previous gastrointestinal infection,Gastroenteritis,18-30
P101960,27.0,Female,"shortness of breath, chest pain, fever",115.0,122.0,202.0,Asthma,Pneumonia,18-30
P101961,32.0,Male,"shortness of breath, fever, chest pain",138.0,81.0,188.0,Unknown,Pneumonia,31-45
P101962,31.0,Male,"body ache, fever, fatigue",107.0,119.0,159.0,Unknown,Flu,31-45
P101963,44.0,Male,"cough, shortness of breath",145.0,82.0,136.0,Previous respiratory infection,Pneumonia,31-45
P101964,56.0,Female,"headache, dizziness",145.0,108.0,277.0,Hypertension,Hypertension,46-60
P101965,67.0,Male,"nausea, sensitivity to light, headache, dizziness",121.0,87.0,205.0,Migraine,Migraine,61-75
P101966,51.0,Male,"fatigue, increased thirst",118.0,169.0,254.0,Unknown,Diabetes,46-60
P101967,38.0,Female,"sensitivity to light, nausea, dizziness",110.0,138.0,216.0,Migraine,Migraine,31-45
P101968,18.0,Male,"fever, abdominal pain",107.0,88.0,197.0,Unknown,Gastroenteritis,18-30
P101969,47.0,Female,"body ache, sore throat, cough, fatigue",90.0,148.0,183.0,Seasonal flu,Flu,46-60
P101970,46.0,Male,"sore throat, body ache",118.0,93.0,202.0,Unknown,Flu,46-60
P101971,49.0,Female,"dizziness, shortness of breath",140.0,150.0,290.0,High cholesterol,Heart Disease,46-60
P101972,82.0,Female,Unknown,134.0,65.0,187.0,Unknown,Healthy,76+
P101973,67.0,Female,"headache, dizziness, sensitivity to light, nausea",134.0,98.0,245.0,Family history of migraine,Migraine,61-75
P101974,59.0,Female,"fatigue, chest pain, shortness of breath, dizziness",139.0,108.0,222.0,Heart disease,Heart Disease,46-60
P101975,30.0,Male,"dizziness, headache, fatigue",142.0,141.0,196.0,Family history of hypertension,Hypertension,18-30
P101976,37.0,Female,"headache, fatigue, dizziness",146.0,113.0,260.0,Unknown,Hypertension,31-45
P101977,44.0,Female,"fatigue, fever, sore throat, cough",142.0,65.0,170.0,Unknown,Flu,31-45
P101978,33.0,Female,Unknown,102.0,65.0,225.0,Unknown,Healthy,31-45
P101979,55.0,Female,"sensitivity to light, dizziness, headache",116.0,79.0,229.0,Migraine,Migraine,46-60
P101980,52.0,Female,"fatigue, dizziness, headache",136.0,133.0,278.0,Hypertension,Hypertension,46-60
P101981,27.0,Female,Unknown,92.0,105.0,196.0,Unknown,Healthy,18-30
P101982,66.0,Male,"chest pain, fatigue, dizziness",154.0,115.0,237.0,High cholesterol,Heart Disease,61-75
P101983,48.0,Female,Unknown,119.0,81.0,139.0,Unknown,Healthy,46-60
P101984,18.0,Female,"headache, dizziness",164.0,120.0,268.0,Unknown,Hypertension,18-30
P101985,45.0,Female,"cough, fever",141.0,78.0,157.0,Previous respiratory infection,Pneumonia,31-45
P101986,51.0,Male,Unknown,151.0,104.0,217.0,Unknown,Healthy,46-60
P101987,63.0,Female,"headache, fatigue, dizziness",153.0,124.0,258.0,Family history of hypertension,Hypertension,61-75
P101988,40.0,Female,"sensitivity to light, nausea, headache",119.0,92.0,192.0,Migraine,Migraine,31-45
P101989,60.0,Female,Unknown,100.0,104.0,192.0,Unknown,Healthy,46-60
P101990,49.0,Male,"headache, dizziness",161.0,114.0,250.0,Family history of hypertension,Hypertension,46-60
P101991,24.0,Male,"frequent urination, blurred vision, fatigue",130.0,178.0,216.0,Family history of diabetes,Diabetes,18-30
P101992,22.0,Male,"sensitivity to light, dizziness, headache, nausea",129.0,65.0,225.0,Migraine,Migraine,18-30
P101993,65.0,Male,"chest pain, fatigue",134.0,135.0,292.0,Hypertension,Heart Disease,61-75
P101994,66.0,Female,"blurred vision, frequent urination, increased thirst",141.0,200.0,233.0,Family history of diabetes,Diabetes,61-75
P101995,51.0,Male,"fatigue, body ache, sore throat, cough",125.0,110.0,177.0,Unknown,Flu,46-60
P101996,71.0,Female,"dizziness, headache",131.0,119.0,232.0,Migraine,Migraine,61-75
P101997,46.0,Male,"headache, dizziness",145.0,113.0,193.0,Hypertension,Hypertension,46-60
P101998,58.0,Male,"chest pain, fatigue",165.0,139.0,268.0,Hypertension,Heart Disease,46-60
P101999,31.0,Female,"fever, nausea, vomiting, diarrhea",144.0,108.0,203.0,Previous gastrointestinal infection,Gastroenteritis,31-45
P102000,75.0,Male,"sore throat, fever, body ache",111.0,83.0,176.0,Seasonal flu,Flu,61-75
P102001,55.0,Male,"abdominal pain, vomiting",130.0,118.0,213.0,Unknown,Gastroenteritis,46-60
P102002,39.0,Male,"fever, fatigue, body ache",90.0,65.0,188.0,Unknown,Flu,31-45
P102003,35.0,Female,Unknown,124.0,96.0,163.0,Unknown,Healthy,31-45
P102004,50.0,Female,"chest pain, fever, cough, shortness of breath",101.0,96.0,217.0,Previous respiratory infection,Pneumonia,46-60
P102005,18.0,Male,"frequent urination, blurred vision",120.0,155.0,194.0,Diabetes,Diabetes,18-30
P102006,58.0,Female,Unknown,100.0,99.0,201.0,Unknown,Healthy,46-60
P102007,46.0,Male,"fever, body ache, fatigue",115.0,82.0,139.0,Unknown,Flu,46-60
P102008,52.0,Female,"blurred vision, increased thirst, fatigue, frequent urination",145.0,185.0,233.0,Family history of diabetes,Diabetes,46-60
P102009,37.0,Male,"fatigue, dizziness, headache",124.0,110.0,237.0,Unknown,Hypertension,31-45
P102010,42.0,Female,"headache, sensitivity to light, nausea, dizziness",118.0,85.0,181.0,Migraine,Migraine,31-45
P102011,33.0,Female,"blurred vision, fatigue, increased thirst",123.0,198.0,232.0,Unknown,Diabetes,31-45
P102012,43.0,Male,"fatigue, dizziness",173.0,115.0,236.0,Unknown,Hypertension,31-45
P102013,78.0,Male,"blurred vision, fatigue, frequent urination, increased thirst",144.0,194.0,257.0,Unknown,Diabetes,76+
P102014,70.0,Male,"cough, body ache, fatigue",109.0,138.0,208.0,Seasonal flu,Flu,61-75
P102015,52.0,Male,"cough, sore throat, fever, fatigue",116.0,134.0,202.0,Seasonal flu,Flu,46-60
P102016,46.0,Male,"sore throat, fatigue, fever, cough",143.0,114.0,197.0,Unknown,Flu,46-60
P102017,60.0,Male,"headache, fatigue, dizziness",164.0,108.0,230.0,Unknown,Hypertension,46-60
P102018,65.0,Female,"blurred vision, fatigue, increased thirst",123.0,146.0,222.0,Diabetes,Diabetes,61-75
P102019,32.0,Male,"chest pain, fever",120.0,104.0,196.0,Previous respiratory infection,Pneumonia,31-45
P102020,45.0,Female,"shortness of breath, chest pain, dizziness, fatigue",143.0,140.0,251.0,Heart disease,Heart Disease,31-45
P102021,18.0,Male,Unknown,114.0,104.0,214.0,Asthma,Pneumonia,18-30
P102022,65.0,Female,"blurred vision, frequent urination, increased thirst",112.0,101.0,231.0,Family history of diabetes,Diabetes,61-75
P102023,81.0,Male,"increased thirst, frequent urination",129.0,200.0,241.0,Family history of diabetes,Diabetes,76+
P102024,47.0,Female,"headache, fatigue",171.0,132.0,205.0,Hypertension,Hypertension,46-60
P102025,18.0,Male,"cough, sore throat, fever",111.0,88.0,207.0,Seasonal flu,Flu,18-30
P102026,56.0,Male,"fatigue, shortness of breath, chest pain, dizziness",147.0,140.0,243.0,Family history of heart disease,Heart Disease,46-60
P102027,31.0,Female,"diarrhea, nausea, fever",117.0,107.0,160.0,Unknown,Gastroenteritis,31-45
P102028,35.0,Female,"dizziness, fatigue",175.0,98.0,293.0,Hypertension,Heart Disease,31-45
P102029,57.0,Female,"body ache, fatigue",123.0,132.0,209.0,Unknown,Flu,46-60
P102030,50.0,Male,"fever, chest pain, cough, shortness of breath",142.0,76.0,217.0,Asthma,Pneumonia,46-60
P102031,38.0,Male,"increased thirst, blurred vision, frequent urination",122.0,169.0,235.0,Unknown,Diabetes,31-45
P102032,35.0,Female,"body ache, fever, fatigue",116.0,95.0,186.0,Seasonal flu,Flu,31-45
P102033,48.0,Female,"dizziness, chest pain, fatigue, shortness of breath",147.0,99.0,249.0,High cholesterol,Heart Disease,46-60
P102034,39.0,Female,"body ache, fatigue",109.0,106.0,207.0,Unknown,Flu,31-45
P102035,27.0,Male,"fatigue, frequent urination, blurred vision",126.0,196.0,249.0,Diabetes,Diabetes,18-30
P102036,40.0,Male,"nausea, vomiting, fever, diarrhea",130.0,123.0,185.0,Unknown,Gastroenteritis,31-45
P102037,52.0,Female,Unknown,106.0,110.0,229.0,Unknown,Healthy,46-60
P102038,43.0,Female,"fatigue, increased thirst",132.0,134.0,220.0,Family history of diabetes,Diabetes,31-45
P102039,22.0,Male,"fever, chest pain, shortness of breath",132.0,68.0,155.0,Unknown,Pneumonia,18-30
P102040,63.0,Female,"headache, sensitivity to light",116.0,107.0,157.0,Migraine,Migraine,61-75
P102041,18.0,Female,"dizziness, headache",161.0,103.0,192.0,Hypertension,Hypertension,18-30
P102042,38.0,Male,"diarrhea, nausea, vomiting, fever",118.0,84.0,177.0,Previous gastrointestinal infection,Gastroenteritis,31-45
P102043,35.0,Male,"shortness of breath, cough, chest pain",122.0,142.0,185.0,Asthma,Pneumonia,31-45
P102044,49.0,Female,Unknown,90.0,95.0,195.0,Unknown,Healthy,46-60
P102045,56.0,Male,Unknown,113.0,107.0,180.0,Unknown,Healthy,46-60
P102046,65.0,Female,"frequent urination, increased thirst, fatigue",141.0,199.0,249.0,Family history of diabetes,Diabetes,61-75
P102047,34.0,Female,"fatigue, body ache, cough, sore throat",143.0,99.0,189.0,Unknown,Flu,31-45
P102048,56.0,Male,"cough, fatigue",131.0,161.0,193.0,Unknown,Flu,46-60
P102049,49.0,Female,"increased thirst, fatigue, frequent urination",148.0,152.0,212.0,Family history of diabetes,Diabetes,46-60
P102050,18.0,Male,"shortness of breath, dizziness",124.0,96.0,284.0,Heart disease,Heart Disease,18-30
P102051,78.0,Male,Unknown,120.0,80.0,148.0,Unknown,Healthy,76+
P102052,22.0,Female,"fatigue, frequent urination",145.0,108.0,228.0,Unknown,Diabetes,18-30
P102053,53.0,Female,"cough, sore throat",110.0,121.0,187.0,Unknown,Flu,46-60
P102054,53.0,Male,"diarrhea, vomiting, fever",133.0,87.0,208.0,Unknown,Gastroenteritis,46-60
P102055,51.0,Female,"chest pain, shortness of breath, dizziness, fatigue",157.0,98.0,256.0,Hypertension,Heart Disease,46-60
P102056,38.0,Female,"fever, sore throat, cough, fatigue",124.0,130.0,189.0,Seasonal flu,Flu,31-45
P102057,60.0,Female,Unknown,114.0,104.0,175.0,Unknown,Healthy,46-60
P102058,19.0,Female,"fever, cough, body ache",103.0,126.0,218.0,Seasonal flu,Flu,18-30
P102059,45.0,Male,"blurred vision, frequent urination",157.0,171.0,225.0,Unknown,Diabetes,31-45
P102060,36.0,Male,"blurred vision, frequent urination",139.0,181.0,270.0,Family history of diabetes,Diabetes,31-45
P102061,34.0,Female,Unknown,119.0,96.0,182.0,Unknown,Healthy,31-45
P102062,53.0,Male,"headache, fatigue",147.0,99.0,240.0,Hypertension,Hypertension,46-60
P102063,64.0,Female,"cough, fever, fatigue",125.0,103.0,190.0,Seasonal flu,Flu,61-75
P102064,40.0,Male,"fatigue, blurred vision, increased thirst, frequent urination",133.0,145.0,238.0,Unknown,Diabetes,31-45
P102065,59.0,Male,"sore throat, fever",129.0,115.0,179.0,Seasonal flu,Flu,46-60
P102066,47.0,Male,Unknown,127.0,109.0,182.0,Unknown,Healthy,46-60
P102067,31.0,Male,"fatigue, fever, cough, body ache",108.0,119.0,187.0,Seasonal flu,Flu,31-45
P102068,42.0,Male,Unknown,95.0,106.0,185.0,Unknown,Healthy,31-45
P102069,41.0,Female,"headache, fatigue, dizziness",151.0,107.0,246.0,Family history of hypertension,Hypertension,31-45
P102070,34.0,Female,"fatigue, fever, cough",95.0,132.0,197.0,Unknown,Flu,31-45
P102071,53.0,Male,Unknown,113.0,114.0,182.0,Unknown,Healthy,46-60
P102072,50.0,Male,"body ache, fatigue, cough",115.0,133.0,229.0,Unknown,Flu,46-60
P102073,19.0,Female,"headache, fatigue, dizziness",153.0,136.0,243.0,Hypertension,Hypertension,18-30
P102074,18.0,Male,Unknown,139.0,82.0,235.0,Unknown,Healthy,18-30
P102075,53.0,Male,"fatigue, dizziness, shortness of breath",120.0,127.0,258.0,Heart disease,Heart Disease,46-60
P102076,32.0,Female,"sore throat, fever",150.0,115.0,210.0,Seasonal flu,Flu,31-45
P102077,51.0,Female,Unknown,114.0,68.0,162.0,Unknown,Healthy,46-60
P102078,59.0,Female,"dizziness, headache",158.0,90.0,274.0,Family history of hypertension,Hypertension,46-60
P102079,24.0,Female,"shortness of breath, chest pain, fatigue",122.0,82.0,207.0,Family history of heart disease,Heart Disease,18-30
P102080,22.0,Female,"blurred vision, frequent urination",142.0,164.0,231.0,Diabetes,Diabetes,18-30
P102081,74.0,Female,"dizziness, chest pain",152.0,116.0,254.0,Hypertension,Heart Disease,61-75
P102082,52.0,Male,"fatigue, headache",151.0,81.0,250.0,Family history of hypertension,Hypertension,46-60
P102083,39.0,Male,"sensitivity to light, dizziness, headache",96.0,101.0,188.0,Family history of migraine,Migraine,31-45
P102084,30.0,Male,"headache, fatigue",149.0,105.0,216.0,Family history of hypertension,Hypertension,18-30
P102085,37.0,Male,"nausea, sensitivity to light",134.0,123.0,187.0,Migraine,Migraine,31-45
P102086,26.0,Female,"dizziness, fatigue, headache",144.0,151.0,271.0,Family history of hypertension,Hypertension,18-30
P102087,61.0,Male,"shortness of breath, chest pain, dizziness, fatigue",165.0,130.0,269.0,Unknown,Heart Disease,61-75
P102088,33.0,Male,"fatigue, dizziness",160.0,98.0,222.0,High cholesterol,Heart Disease,31-45
P102089,65.0,Male,"headache, nausea, sensitivity to light, dizziness",119.0,118.0,225.0,Migraine,Migraine,61-75
P102090,39.0,Female,"sore throat, cough, body ache",142.0,100.0,167.0,Seasonal flu,Flu,31-45
P102091,28.0,Female,"shortness of breath, dizziness, fatigue",144.0,106.0,269.0,Family history of heart disease,Heart Disease,18-30
P102092,39.0,Female,Unknown,116.0,72.0,190.0,Unknown,Healthy,31-45
P102093,18.0,Male,"fever, cough, chest pain",123.0,86.0,202.0,Previous respiratory infection,Pneumonia,18-30
P102094,44.0,Male,"fatigue, dizziness, headache",152.0,107.0,282.0,Family history of hypertension,Hypertension,31-45
P102095,43.0,Female,Unknown,129.0,109.0,158.0,Unknown,Healthy,31-45
P102096,60.0,Female,"shortness of breath, chest pain",146.0,131.0,273.0,Heart disease,Heart Disease,46-60
P102097,18.0,Female,"increased thirst, blurred vision",108.0,205.0,250.0,Family history of diabetes,Diabetes,18-30
P102098,66.0,Female,"fever, cough, fatigue",148.0,121.0,179.0,Seasonal flu,Flu,61-75
P102099,60.0,Male,"frequent urination, blurred vision, increased thirst, fatigue",157.0,185.0,210.0,Diabetes,Diabetes,46-60
P102100,67.0,Female,"headache, fatigue",167.0,110.0,236.0,Unknown,Hypertension,61-75
P102101,45.0,Female,"nausea, headache, sensitivity to light",121.0,76.0,203.0,Migraine,Migraine,31-45
P102102,63.0,Female,"frequent urination, blurred vision",121.0,164.0,195.0,Unknown,Diabetes,61-75
P102103,21.0,Female,"abdominal pain, nausea",104.0,76.0,196.0,Gastritis,Gastroenteritis,18-30
P102104,58.0,Male,Unknown,146.0,65.0,147.0,Unknown,Healthy,46-60
P102105,33.0,Male,"shortness of breath, cough, chest pain, fever",114.0,78.0,222.0,Unknown,Pneumonia,31-45
P102106,46.0,Female,"sensitivity to light, headache, nausea, dizziness",90.0,127.0,202.0,Unknown,Migraine,46-60
P102107,27.0,Male,"dizziness, headache",135.0,103.0,237.0,Family history of migraine,Migraine,18-30
P102108,46.0,Male,Unknown,137.0,84.0,207.0,Unknown,Healthy,46-60
P102109,32.0,Male,"dizziness, fatigue",167.0,122.0,245.0,Family history of heart disease,Heart Disease,31-45
P102110,52.0,Female,"dizziness, headache",167.0,70.0,220.0,Hypertension,Hypertension,46-60
P102111,18.0,Male,"cough, body ache",133.0,100.0,190.0,Unknown,Flu,18-30
P102112,18.0,Male,"fever, cough, body ache, fatigue",117.0,122.0,184.0,Unknown,Flu,18-30
P102113,69.0,Female,"dizziness, fatigue, headache",126.0,114.0,271.0,Hypertension,Hypertension,61-75
P102114,61.0,Female,"fever, cough, shortness of breath, chest pain",129.0,68.0,174.0,Previous respiratory infection,Pneumonia,61-75
P102115,28.0,Female,"increased thirst, blurred vision, frequent urination, fatigue",138.0,159.0,270.0,Family history of diabetes,Diabetes,18-30
P102116,46.0,Female,Unknown,114.0,120.0,209.0,Unknown,Healthy,46-60
P102117,63.0,Male,"fatigue, dizziness, headache",152.0,121.0,237.0,Hypertension,Hypertension,61-75
P102118,53.0,Female,Unknown,120.0,143.0,270.0,Family history of diabetes,Diabetes,46-60
P102119,49.0,Female,"fatigue, increased thirst",119.0,225.0,207.0,Diabetes,Diabetes,46-60
P102120,65.0,Male,"fatigue, headache, dizziness",180.0,88.0,207.0,Family history of hypertension,Hypertension,61-75
P102121,34.0,Female,"headache, dizziness, fatigue",175.0,103.0,205.0,Hypertension,Hypertension,31-45
P102122,47.0,Male,"blurred vision, fatigue, increased thirst, frequent urination",132.0,150.0,270.0,Diabetes,Diabetes,46-60
P102123,46.0,Male,"headache, dizziness",155.0,88.0,199.0,Hypertension,Hypertension,46-60
P102124,41.0,Male,"dizziness, headache, fatigue",137.0,100.0,203.0,Hypertension,Hypertension,31-45
P102125,39.0,Male,"dizziness, fatigue, shortness of breath, chest pain",154.0,128.0,239.0,High cholesterol,Heart Disease,31-45
P102126,47.0,Female,"dizziness, chest pain, shortness of breath",171.0,145.0,287.0,Family history of heart disease,Heart Disease,46-60
P102127,47.0,Male,"fatigue, chest pain",125.0,108.0,278.0,Family history of heart disease,Heart Disease,46-60
P102128,28.0,Female,"shortness of breath, fatigue, dizziness",149.0,90.0,255.0,Family history of heart disease,Heart Disease,18-30
P102129,60.0,Male,"blurred vision, increased thirst",142.0,186.0,252.0,Diabetes,Diabetes,46-60
P102130,29.0,Male,"fatigue, blurred vision, frequent urination, increased thirst",137.0,179.0,219.0,Unknown,Diabetes,18-30
P102131,42.0,Male,"dizziness, headache, fatigue",173.0,116.0,248.0,Hypertension,Hypertension,31-45
P102132,41.0,Male,"dizziness, headache, sensitivity to light",152.0,104.0,234.0,Family history of migraine,Migraine,31-45
P102133,52.0,Female,Unknown,114.0,91.0,173.0,Unknown,Healthy,46-60
P102134,18.0,Female,Unknown,121.0,87.0,154.0,Unknown,Healthy,18-30
P102135,61.0,Male,"cough, body ache, fever, fatigue",125.0,101.0,204.0,Unknown,Flu,61-75
P102136,34.0,Female,"fever, body ache, fatigue",110.0,122.0,206.0,Unknown,Flu,31-45
P102137,67.0,Female,"chest pain, shortness of breath",154.0,171.0,262.0,Family history of heart disease,Heart Disease,61-75
P102138,38.0,Female,"diarrhea, nausea, abdominal pain",126.0,99.0,211.0,Unknown,Gastroenteritis,31-45
P102139,45.0,Male,"sensitivity to light, nausea",127.0,99.0,190.0,Unknown,Migraine,31-45
P102140,79.0,Male,"fever, abdominal pain, vomiting, nausea",112.0,111.0,198.0,Unknown,Gastroenteritis,76+
P102141,41.0,Female,Unknown,109.0,77.0,186.0,Unknown,Healthy,31-45
P102142,67.0,Female,"fatigue, body ache, cough",119.0,123.0,201.0,Seasonal flu,Flu,61-75
P102143,47.0,Male,"headache, dizziness, sensitivity to light",113.0,109.0,234.0,Unknown,Migraine,46-60
P102144,53.0,Female,"diarrhea, vomiting, fever, abdominal pain",124.0,90.0,198.0,Previous gastrointestinal infection,Gastroenteritis,46-60
P102145,47.0,Male,"dizziness, fatigue, chest pain, shortness of breath",152.0,136.0,248.0,Hypertension,Heart Disease,46-60
P102146,60.0,Female,Unknown,132.0,96.0,194.0,Unknown,Healthy,46-60
P102147,34.0,Male,"increased thirst, frequent urination, fatigue",118.0,148.0,247.0,Diabetes,Diabetes,31-45
P102148,29.0,Female,Unknown,105.0,96.0,193.0,Unknown,Healthy,18-30
P102149,35.0,Male,"diarrhea, vomiting, abdominal pain",138.0,100.0,203.0,Unknown,Gastroenteritis,31-45
P102150,48.0,Male,"fatigue, increased thirst",130.0,194.0,190.0,Family history of diabetes,Diabetes,46-60
P102151,42.0,Female,"cough, shortness of breath",126.0,121.0,133.0,Asthma,Pneumonia,31-45
P102152,58.0,Male,"blurred vision, increased thirst, frequent urination, fatigue",132.0,173.0,258.0,Unknown,Diabetes,46-60
P102153,68.0,Female,"nausea, vomiting, abdominal pain, diarrhea",138.0,92.0,203.0,Unknown,Gastroenteritis,61-75
P102154,29.0,Female,"abdominal pain, fever, nausea",132.0,93.0,184.0,Previous gastrointestinal infection,Gastroenteritis,18-30
P102155,34.0,Male,"chest pain, fever, shortness of breath",140.0,108.0,207.0,Unknown,Pneumonia,31-45
P102156,22.0,Male,Unknown,112.0,97.0,220.0,Unknown,Healthy,18-30
P102157,81.0,Female,"increased thirst, frequent urination",126.0,188.0,266.0,Unknown,Diabetes,76+
P102158,51.0,Female,"fatigue, dizziness",179.0,111.0,262.0,Family history of hypertension,Hypertension,46-60
P102159,54.0,Female,"cough, fatigue, body ache, sore throat",135.0,125.0,171.0,Unknown,Flu,46-60
P102160,23.0,Male,"increased thirst, blurred vision, frequent urination",122.0,152.0,202.0,Unknown,Diabetes,18-30
P102161,46.0,Female,"fatigue, body ache",141.0,156.0,133.0,Seasonal flu,Flu,46-60
P102162,55.0,Female,"dizziness, headache, fatigue",145.0,130.0,255.0,Unknown,Hypertension,46-60
P102163,42.0,Female,"dizziness, fatigue, chest pain, shortness of breath",165.0,90.0,281.0,Hypertension,Heart Disease,31-45
P102164,64.0,Male,"cough, fever, body ache",145.0,110.0,222.0,Unknown,Flu,61-75
P102165,85.0,Male,Unknown,110.0,119.0,202.0,Unknown,Healthy,76+
P102166,30.0,Female,"fatigue, headache",156.0,100.0,231.0,Family history of hypertension,Hypertension,18-30
P102167,29.0,Female,Unknown,124.0,65.0,161.0,Unknown,Healthy,18-30
P102168,31.0,Male,"cough, sore throat",155.0,75.0,167.0,Unknown,Flu,31-45
P102169,73.0,Female,"dizziness, chest pain, shortness of breath",141.0,135.0,257.0,Hypertension,Heart Disease,61-75
P102170,64.0,Male,"cough, fever, body ache, sore throat",144.0,67.0,170.0,Unknown,Flu,61-75
P102171,44.0,Male,"sore throat, fever",121.0,69.0,232.0,Seasonal flu,Flu,31-45
P102172,47.0,Male,"fatigue, headache",134.0,123.0,207.0,Family history of hypertension,Hypertension,46-60
P102173,32.0,Male,"fatigue, fever",117.0,93.0,183.0,Unknown,Flu,31-45
P102174,61.0,Male,"headache, dizziness",154.0,100.0,195.0,Hypertension,Hypertension,61-75
P102175,40.0,Male,"chest pain, shortness of breath, dizziness, fatigue",130.0,104.0,261.0,Heart disease,Heart Disease,31-45
P102176,42.0,Male,"fatigue, cough, body ache",125.0,68.0,189.0,Seasonal flu,Flu,31-45
P102177,56.0,Female,"body ache, fatigue, cough, fever",136.0,114.0,184.0,Unknown,Flu,46-60
P102178,43.0,Female,"fever, vomiting",121.0,79.0,165.0,Unknown,Gastroenteritis,31-45
P102179,42.0,Female,"fatigue, headache",143.0,98.0,237.0,Hypertension,Hypertension,31-45
P102180,46.0,Male,Unknown,114.0,100.0,165.0,Unknown,Healthy,46-60
P102181,60.0,Female,"fever, nausea, abdominal pain, diarrhea",121.0,95.0,188.0,Previous gastrointestinal infection,Gastroenteritis,46-60
P102182,74.0,Male,Unknown,124.0,84.0,231.0,Unknown,Healthy,61-75
P102183,56.0,Female,Unknown,136.0,65.0,194.0,Previous gastrointestinal infection,Gastroenteritis,46-60
P102184,60.0,Female,"blurred vision, increased thirst, fatigue",139.0,184.0,241.0,Family history of diabetes,Diabetes,46-60
P102185,43.0,Male,"body ache, cough, sore throat, fatigue",101.0,102.0,178.0,Seasonal flu,Flu,31-45
P102186,34.0,Male,"dizziness, headache, fatigue",141.0,97.0,217.0,Family history of hypertension,Hypertension,31-45
P102187,57.0,Female,"vomiting, nausea, diarrhea",122.0,77.0,190.0,Gastritis,Gastroenteritis,46-60
P102188,49.0,Female,"shortness of breath, chest pain, cough, fever",142.0,104.0,254.0,Previous respiratory infection,Pneumonia,46-60
P102189,22.0,Female,"dizziness, headache, fatigue",165.0,116.0,227.0,Hypertension,Hypertension,18-30
P102190,40.0,Female,Unknown,140.0,93.0,186.0,Unknown,Healthy,31-45
P102191,45.0,Female,"frequent urination, increased thirst, blurred vision",134.0,208.0,205.0,Family history of diabetes,Diabetes,31-45
P102192,37.0,Male,"fatigue, sore throat",130.0,115.0,122.0,Seasonal flu,Flu,31-45
P102193,71.0,Female,"dizziness, nausea, headache",108.0,103.0,181.0,Unknown,Migraine,61-75
P102194,54.0,Male,"increased thirst, fatigue",140.0,190.0,284.0,Unknown,Diabetes,46-60
P102195,69.0,Male,"shortness of breath, chest pain, cough",115.0,110.0,212.0,Previous respiratory infection,Pneumonia,61-75
P102196,50.0,Male,"abdominal pain, nausea",118.0,99.0,228.0,Gastritis,Gastroenteritis,46-60
P102197,47.0,Female,"frequent urination, increased thirst, fatigue, blurred vision",175.0,201.0,217.0,Unknown,Diabetes,46-60
P102198,30.0,Female,"fatigue, fever, cough, sore throat",123.0,77.0,130.0,Seasonal flu,Flu,18-30
P102199,46.0,Male,"fatigue, dizziness, headache",139.0,112.0,212.0,Hypertension,Hypertension,46-60
P102200,46.0,Male,"cough, chest pain",132.0,129.0,203.0,Previous respiratory infection,Pneumonia,46-60
P102201,23.0,Male,"frequent urination, blurred vision, fatigue",121.0,173.0,226.0,Family history of diabetes,Diabetes,18-30
P102202,37.0,Female,Unknown,101.0,82.0,176.0,Unknown,Healthy,31-45
P102203,41.0,Female,Unknown,145.0,65.0,164.0,Unknown,Healthy,31-45
P102204,53.0,Male,"headache, fatigue",167.0,65.0,262.0,Unknown,Hypertension,46-60
P102205,54.0,Male,"shortness of breath, dizziness",152.0,164.0,245.0,High cholesterol,Heart Disease,46-60
P102206,36.0,Female,"cough, fever",119.0,108.0,199.0,Unknown,Pneumonia,31-45
P102207,54.0,Male,"sensitivity to light, dizziness",121.0,88.0,201.0,Unknown,Migraine,46-60
P102208,43.0,Male,"fever, fatigue",142.0,108.0,181.0,Seasonal flu,Flu,31-45
P102209,18.0,Male,"dizziness, fatigue, headache",150.0,83.0,211.0,Hypertension,Hypertension,18-30
P102210,38.0,Male,"fatigue, frequent urination",90.0,163.0,213.0,Diabetes,Diabetes,31-45
P102211,64.0,Male,Unknown,153.0,76.0,227.0,Unknown,Healthy,61-75
P102212,18.0,Female,Unknown,119.0,65.0,211.0,Seasonal flu,Flu,18-30
P102213,48.0,Male,Unknown,121.0,65.0,203.0,Unknown,Healthy,46-60
P102214,73.0,Male,"fatigue, sore throat, body ache",141.0,73.0,177.0,Seasonal flu,Flu,61-75
P102215,33.0,Female,Unknown,120.0,111.0,141.0,Unknown,Healthy,31-45
P102216,46.0,Female,"fatigue, increased thirst",143.0,151.0,252.0,Unknown,Diabetes,46-60
P102217,24.0,Male,"increased thirst, blurred vision, frequent urination, fatigue",122.0,179.0,243.0,Unknown,Diabetes,18-30
P102218,74.0,Male,Unknown,104.0,120.0,187.0,Unknown,Healthy,61-75
P102219,45.0,Female,Unknown,120.0,92.0,169.0,Unknown,Healthy,31-45
P102220,47.0,Male,"chest pain, dizziness",166.0,110.0,220.0,High cholesterol,Heart Disease,46-60
P102221,69.0,Female,"shortness of breath, dizziness",141.0,125.0,281.0,Family history of heart disease,Heart Disease,61-75
P102222,57.0,Male,"fatigue, sore throat",113.0,95.0,221.0,Seasonal flu,Flu,46-60
P102223,31.0,Male,"body ache, cough",136.0,124.0,171.0,Unknown,Flu,31-45
P102224,35.0,Male,"headache, dizziness, fatigue",143.0,150.0,218.0,Family history of hypertension,Hypertension,31-45
P102225,54.0,Female,Unknown,112.0,126.0,210.0,Unknown,Healthy,46-60
P102226,35.0,Male,"headache, fatigue",144.0,65.0,221.0,Hypertension,Hypertension,31-45
P102227,18.0,Male,"nausea, dizziness",118.0,83.0,232.0,Migraine,Migraine,18-30
P102228,45.0,Male,"fatigue, blurred vision",110.0,172.0,222.0,Diabetes,Diabetes,31-45
P102229,21.0,Female,"fatigue, frequent urination, increased thirst, blurred vision",120.0,176.0,211.0,Unknown,Diabetes,18-30
P102230,73.0,Male,"shortness of breath, cough, fever, chest pain",134.0,72.0,200.0,Previous respiratory infection,Pneumonia,61-75
P102231,49.0,Female,"fatigue, chest pain",150.0,79.0,247.0,High cholesterol,Heart Disease,46-60
P102232,31.0,Female,"shortness of breath, fever",140.0,128.0,217.0,Unknown,Pneumonia,31-45
P102233,34.0,Male,"increased thirst, frequent urination, blurred vision",156.0,157.0,244.0,Family history of diabetes,Diabetes,31-45
P102234,18.0,Female,Unknown,132.0,65.0,199.0,Unknown,Healthy,18-30
P102235,27.0,Female,"dizziness, headache",134.0,70.0,196.0,Unknown,Migraine,18-30
P102236,63.0,Male,Unknown,117.0,105.0,171.0,Unknown,Healthy,61-75
P102237,84.0,Male,"blurred vision, fatigue",130.0,164.0,233.0,Family history of diabetes,Diabetes,76+
P102238,58.0,Male,"dizziness, fatigue, shortness of breath, chest pain",149.0,125.0,247.0,High cholesterol,Heart Disease,46-60
P102239,44.0,Male,"chest pain, shortness of breath",154.0,94.0,290.0,Family history of heart disease,Heart Disease,31-45
P102240,39.0,Female,"fatigue, cough, body ache",131.0,65.0,213.0,Seasonal flu,Flu,31-45
P102241,30.0,Female,"shortness of breath, fatigue, dizziness",152.0,144.0,250.0,High cholesterol,Heart Disease,18-30
P102242,81.0,Female,"frequent urination, blurred vision",137.0,190.0,210.0,Family history of diabetes,Diabetes,76+
P102243,43.0,Male,"fatigue, shortness of breath, chest pain",157.0,108.0,292.0,Heart disease,Heart Disease,31-45
P102244,82.0,Male,"dizziness, fatigue",175.0,109.0,249.0,Family history of hypertension,Hypertension,76+
P102245,70.0,Male,"shortness of breath, fatigue, chest pain",163.0,154.0,257.0,High cholesterol,Heart Disease,61-75
P102246,18.0,Female,"headache, dizziness",146.0,117.0,270.0,Family history of hypertension,Hypertension,18-30
P102247,35.0,Male,"dizziness, headache",138.0,134.0,224.0,Hypertension,Hypertension,31-45
P102248,35.0,Female,"fever, cough",112.0,88.0,183.0,Previous respiratory infection,Pneumonia,31-45
P102249,45.0,Female,"chest pain, fatigue, shortness of breath, dizziness",136.0,117.0,249.0,Family history of heart disease,Heart Disease,31-45
P102250,45.0,Male,"shortness of breath, fatigue",150.0,125.0,223.0,High cholesterol,Heart Disease,31-45
P102251,85.0,Female,Unknown,135.0,99.0,206.0,Unknown,Flu,76+
P102252,28.0,Female,"vomiting, diarrhea, nausea",95.0,91.0,166.0,Gastritis,Gastroenteritis,18-30
P102253,50.0,Female,"chest pain, fatigue, dizziness, shortness of breath",140.0,104.0,242.0,Heart disease,Heart Disease,46-60
P102254,56.0,Male,"shortness of breath, fever, cough",131.0,115.0,178.0,Asthma,Pneumonia,46-60
P102255,46.0,Male,Unknown,104.0,65.0,207.0,Unknown,Healthy,46-60
P102256,48.0,Female,"fever, sore throat, body ache, fatigue",128.0,114.0,170.0,Seasonal flu,Flu,46-60
P102257,28.0,Male,Unknown,109.0,95.0,181.0,Unknown,Healthy,18-30
P102258,46.0,Female,"fever, nausea, diarrhea",108.0,93.0,185.0,Previous gastrointestinal infection,Gastroenteritis,46-60
P102259,55.0,Male,"increased thirst, blurred vision, frequent urination",135.0,184.0,228.0,Diabetes,Diabetes,46-60
P102260,52.0,Female,"body ache, cough, sore throat",128.0,95.0,248.0,Unknown,Flu,46-60
P102261,56.0,Female,"headache, dizziness, nausea",114.0,87.0,193.0,Migraine,Migraine,46-60
P102262,70.0,Male,Unknown,117.0,110.0,198.0,Unknown,Healthy,61-75
P102263,62.0,Male,"body ache, sore throat, fever, cough",131.0,118.0,211.0,Unknown,Flu,61-75
P102264,47.0,Female,Unknown,122.0,161.0,224.0,Family history of diabetes,Diabetes,46-60
P102265,26.0,Male,"cough, sore throat",94.0,83.0,193.0,Seasonal flu,Flu,18-30
P102266,36.0,Female,"fatigue, blurred vision, increased thirst",109.0,166.0,224.0,Unknown,Diabetes,31-45
P102267,42.0,Female,"sensitivity to light, dizziness",118.0,86.0,199.0,Unknown,Migraine,31-45
P102268,50.0,Male,"sore throat, fever",103.0,136.0,177.0,Unknown,Flu,46-60
P102269,38.0,Female,"nausea, dizziness, headache, sensitivity to light",118.0,104.0,182.0,Family history of migraine,Migraine,31-45
P102270,30.0,Male,Unknown,137.0,89.0,175.0,Unknown,Healthy,18-30
P102271,26.0,Female,"cough, fever, shortness of breath",103.0,78.0,142.0,Asthma,Pneumonia,18-30
P102272,18.0,Male,Unknown,117.0,113.0,224.0,Unknown,Pneumonia,18-30
P102273,42.0,Male,"nausea, headache, dizziness",153.0,85.0,246.0,Family history of migraine,Migraine,31-45
P102274,21.0,Male,"abdominal pain, fever, vomiting",119.0,77.0,187.0,Previous gastrointestinal infection,Gastroenteritis,18-30
P102275,29.0,Female,Unknown,108.0,105.0,191.0,Unknown,Healthy,18-30
P102276,39.0,Female,"blurred vision, frequent urination, increased thirst, fatigue",129.0,179.0,250.0,Family history of diabetes,Diabetes,31-45
P102277,23.0,Female,"fever, sore throat, body ache",123.0,65.0,154.0,Unknown,Flu,18-30
P102278,52.0,Male,"dizziness, fatigue, headache",176.0,109.0,262.0,Unknown,Hypertension,46-60
P102279,59.0,Female,Unknown,111.0,98.0,171.0,Unknown,Healthy,46-60
P102280,37.0,Female,"cough, fever",114.0,94.0,246.0,Asthma,Pneumonia,31-45
P102281,39.0,Female,"fatigue, cough",101.0,103.0,184.0,Seasonal flu,Flu,31-45
P102282,55.0,Male,"headache, dizziness, fatigue",154.0,74.0,262.0,Family history of hypertension,Hypertension,46-60
P102283,34.0,Female,"shortness of breath, chest pain, dizziness, fatigue",124.0,65.0,249.0,Heart disease,Heart Disease,31-45
P102284,33.0,Male,"dizziness, sensitivity to light, headache",115.0,75.0,245.0,Family history of migraine,Migraine,31-45
P102285,66.0,Male,"fatigue, headache",142.0,122.0,230.0,Family history of hypertension,Hypertension,61-75
P102286,61.0,Female,"frequent urination, blurred vision",150.0,105.0,256.0,Diabetes,Diabetes,61-75
P102287,56.0,Male,Unknown,111.0,76.0,195.0,Unknown,Healthy,46-60
P102288,62.0,Male,"nausea, headache, dizziness",133.0,65.0,208.0,Migraine,Migraine,61-75
P102289,18.0,Female,"dizziness, headache, fatigue",124.0,99.0,238.0,Unknown,Hypertension,18-30
P102290,69.0,Female,"chest pain, shortness of breath, dizziness, fatigue",152.0,165.0,244.0,Heart disease,Heart Disease,61-75
P102291,53.0,Male,Unknown,101.0,89.0,120.0,Unknown,Healthy,46-60
P102292,63.0,Female,"dizziness, nausea",121.0,101.0,224.0,Family history of migraine,Migraine,61-75
P102293,53.0,Male,"fever, shortness of breath, chest pain",158.0,123.0,183.0,Unknown,Pneumonia,46-60
P102294,47.0,Male,"chest pain, dizziness",159.0,117.0,283.0,High cholesterol,Heart Disease,46-60
P102295,41.0,Male,"shortness of breath, chest pain",143.0,110.0,263.0,High cholesterol,Heart Disease,31-45
P102296,52.0,Female,"fatigue, increased thirst",178.0,194.0,255.0,Unknown,Diabetes,46-60
P102297,41.0,Male,"sensitivity to light, nausea, dizziness",110.0,108.0,213.0,Family history of migraine,Migraine,31-45
P102298,61.0,Male,"fatigue, frequent urination",151.0,182.0,169.0,Family history of diabetes,Diabetes,61-75
P102299,19.0,Female,"increased thirst, frequent urination, blurred vision",106.0,162.0,235.0,Family history of diabetes,Diabetes,18-30
P102300,37.0,Female,"nausea, headache, dizziness, sensitivity to light",119.0,89.0,185.0,Unknown,Migraine,31-45
P102301,81.0,Female,Unknown,104.0,121.0,213.0,Unknown,Healthy,76+
P102302,35.0,Female,"dizziness, nausea, headache, sensitivity to light",126.0,89.0,207.0,Migraine,Migraine,31-45
P102303,42.0,Male,"sore throat, fever, cough, body ache",121.0,127.0,204.0,Unknown,Flu,31-45
P102304,31.0,Male,"sore throat, cough, body ache",114.0,74.0,181.0,Unknown,Flu,31-45
P102305,52.0,Male,"body ache, fatigue, fever, sore throat",138.0,134.0,169.0,Seasonal flu,Flu,46-60
P102306,33.0,Female,"dizziness, shortness of breath, fatigue, chest pain",136.0,123.0,242.0,Heart disease,Heart Disease,31-45
P102307,43.0,Male,"body ache, fatigue, fever, cough",125.0,79.0,146.0,Seasonal flu,Flu,31-45
P102308,60.0,Male,"fever, body ache, fatigue, sore throat",135.0,116.0,179.0,Unknown,Flu,46-60
P102309,34.0,Male,"cough, chest pain, shortness of breath, fever",103.0,86.0,156.0,Asthma,Pneumonia,31-45
P102310,59.0,Male,Unknown,108.0,96.0,146.0,Unknown,Healthy,46-60
P102311,60.0,Female,Unknown,119.0,85.0,184.0,Unknown,Healthy,46-60
P102312,64.0,Female,"fatigue, blurred vision, increased thirst, frequent urination",144.0,174.0,242.0,Family history of diabetes,Diabetes,61-75
P102313,48.0,Male,"fatigue, chest pain, shortness of breath, dizziness",166.0,137.0,255.0,Family history of heart disease,Heart Disease,46-60
P102314,85.0,Female,"headache, fatigue",155.0,132.0,234.0,Family history of hypertension,Hypertension,76+
P102315,64.0,Female,"shortness of breath, dizziness, fatigue, chest pain",145.0,96.0,236.0,Hypertension,Heart Disease,61-75
P102316,52.0,Male,"headache, dizziness",140.0,89.0,232.0,Hypertension,Hypertension,46-60
P102317,31.0,Male,"headache, dizziness, fatigue",153.0,113.0,215.0,Hypertension,Hypertension,31-45
P102318,44.0,Female,"nausea, sensitivity to light",120.0,106.0,193.0,Family history of migraine,Migraine,31-45
P102319,70.0,Male,"body ache, fever, fatigue",122.0,92.0,158.0,Seasonal flu,Flu,61-75
P102320,75.0,Female,Unknown,120.0,135.0,201.0,Unknown,Healthy,61-75
P102321,71.0,Female,"fatigue, increased thirst, blurred vision, frequent urination",144.0,196.0,217.0,Family history of diabetes,Diabetes,61-75
P102322,59.0,Female,"fatigue, increased thirst",127.0,162.0,237.0,Unknown,Diabetes,46-60
P102323,46.0,Female,"fatigue, shortness of breath, chest pain, dizziness",132.0,95.0,272.0,Heart disease,Heart Disease,46-60
P102324,54.0,Female,"frequent urination, blurred vision, increased thirst",140.0,169.0,235.0,Family history of diabetes,Diabetes,46-60
P102325,25.0,Male,"headache, fatigue",105.0,99.0,253.0,Family history of hypertension,Hypertension,18-30
P102326,21.0,Male,Unknown,103.0,114.0,124.0,Unknown,Healthy,18-30
P102327,50.0,Female,"fatigue, headache",136.0,134.0,227.0,Family history of hypertension,Hypertension,46-60
P102328,55.0,Female,"fatigue, headache",170.0,114.0,266.0,Unknown,Hypertension,46-60
P102329,61.0,Female,"cough, chest pain",123.0,122.0,208.0,Previous respiratory infection,Pneumonia,61-75
P102330,54.0,Female,"cough, body ache",115.0,121.0,236.0,Unknown,Flu,46-60
P102331,55.0,Male,"chest pain, fever, cough, shortness of breath",127.0,107.0,236.0,Previous respiratory infection,Pneumonia,46-60
P102332,29.0,Female,"fatigue, dizziness, chest pain",135.0,121.0,259.0,High cholesterol,Heart Disease,18-30
P102333,44.0,Female,"fever, diarrhea, vomiting, abdominal pain",112.0,110.0,182.0,Gastritis,Gastroenteritis,31-45
P102334,20.0,Female,"fatigue, increased thirst, blurred vision",129.0,176.0,197.0,Diabetes,Diabetes,18-30
P102335,18.0,Female,"body ache, sore throat, fatigue, cough",110.0,77.0,173.0,Seasonal flu,Flu,18-30
P102336,59.0,Male,"sensitivity to light, headache",121.0,88.0,188.0,Unknown,Migraine,46-60
P102337,33.0,Female,Unknown,100.0,83.0,161.0,Unknown,Healthy,31-45
P102338,61.0,Male,"chest pain, dizziness, shortness of breath",133.0,104.0,236.0,Heart disease,Heart Disease,61-75
P102339,65.0,Male,"cough, sore throat",125.0,74.0,204.0,Seasonal flu,Flu,61-75
P102340,35.0,Female,"fatigue, blurred vision",134.0,184.0,264.0,Unknown,Diabetes,31-45
P102341,56.0,Female,"dizziness, fatigue",129.0,121.0,263.0,Family history of hypertension,Hypertension,46-60
P102342,35.0,Female,"frequent urination, increased thirst, fatigue",141.0,140.0,215.0,Diabetes,Diabetes,31-45
P102343,18.0,Male,Unknown,130.0,87.0,214.0,Migraine,Migraine,18-30
P102344,48.0,Male,"fatigue, headache",165.0,108.0,247.0,Hypertension,Hypertension,46-60
P102345,38.0,Male,"sensitivity to light, nausea, dizziness, headache",127.0,101.0,193.0,Family history of migraine,Migraine,31-45
P102346,39.0,Female,"fatigue, frequent urination, increased thirst",140.0,147.0,221.0,Diabetes,Diabetes,31-45
P102347,80.0,Female,Unknown,153.0,71.0,180.0,Unknown,Healthy,76+
P102348,20.0,Female,"nausea, fever, diarrhea",109.0,102.0,199.0,Previous gastrointestinal infection,Gastroenteritis,18-30
P102349,53.0,Male,"frequent urination, increased thirst, blurred vision, fatigue",119.0,140.0,230.0,Diabetes,Diabetes,46-60
P102350,29.0,Female,"fatigue, increased thirst, frequent urination, blurred vision",108.0,163.0,204.0,Unknown,Diabetes,18-30
P102351,61.0,Female,"blurred vision, fatigue, frequent urination, increased thirst",159.0,169.0,210.0,Diabetes,Diabetes,61-75
P102352,51.0,Male,Unknown,142.0,91.0,187.0,Unknown,Healthy,46-60
P102353,52.0,Female,"dizziness, headache, fatigue",139.0,118.0,250.0,Unknown,Hypertension,46-60
P102354,30.0,Female,"fatigue, cough",108.0,132.0,179.0,Seasonal flu,Flu,18-30
P102355,33.0,Male,"sore throat, body ache, fever, fatigue",114.0,108.0,160.0,Unknown,Flu,31-45
P102356,62.0,Male,"nausea, diarrhea",138.0,121.0,221.0,Gastritis,Gastroenteritis,61-75
P102357,76.0,Female,"fever, cough, body ache, fatigue",109.0,65.0,221.0,Unknown,Flu,76+
P102358,54.0,Female,"sore throat, cough, body ache, fever",95.0,134.0,144.0,Unknown,Flu,46-60
P102359,31.0,Female,Unknown,144.0,65.0,207.0,Unknown,Healthy,31-45
P102360,52.0,Female,"headache, dizziness, fatigue",157.0,166.0,234.0,Hypertension,Hypertension,46-60
P102361,85.0,Male,"nausea, diarrhea",132.0,98.0,201.0,Unknown,Gastroenteritis,76+
P102362,48.0,Female,"frequent urination, increased thirst, blurred vision, fatigue",130.0,201.0,253.0,Family history of diabetes,Diabetes,46-60
P102363,71.0,Female,"fever, fatigue",132.0,131.0,235.0,Unknown,Flu,61-75
P102364,33.0,Male,Unknown,93.0,79.0,200.0,Unknown,Healthy,31-45
P102365,45.0,Female,"shortness of breath, chest pain, fever",114.0,95.0,199.0,Asthma,Pneumonia,31-45
P102366,57.0,Male,"nausea, sensitivity to light",128.0,84.0,164.0,Migraine,Migraine,46-60
P102367,53.0,Male,"dizziness, fatigue",121.0,130.0,191.0,Unknown,Hypertension,46-60
P102368,33.0,Male,"sore throat, body ache",115.0,89.0,209.0,Unknown,Flu,31-45
P102369,32.0,Female,"shortness of breath, fatigue",139.0,95.0,285.0,Family history of heart disease,Heart Disease,31-45
P102370,63.0,Male,"sore throat, cough, fatigue, fever",120.0,117.0,174.0,Seasonal flu,Flu,61-75
P102371,66.0,Male,"fatigue, fever, sore throat",117.0,87.0,188.0,Seasonal flu,Flu,61-75
P102372,72.0,Female,"dizziness, shortness of breath",137.0,116.0,247.0,Family history of heart disease,Heart Disease,61-75
P102373,77.0,Male,"fatigue, chest pain, dizziness, shortness of breath",126.0,126.0,247.0,High cholesterol,Heart Disease,76+
P102374,48.0,Female,"headache, fatigue, dizziness",154.0,98.0,264.0,Hypertension,Hypertension,46-60
P102375,41.0,Female,"fatigue, dizziness",141.0,104.0,259.0,High cholesterol,Heart Disease,31-45
P102376,69.0,Male,"frequent urination, blurred vision, fatigue",117.0,212.0,224.0,Diabetes,Diabetes,61-75
P102377,58.0,Male,Unknown,119.0,91.0,244.0,Unknown,Healthy,46-60
P102378,29.0,Female,"cough, fever, shortness of breath",119.0,91.0,155.0,Previous respiratory infection,Pneumonia,18-30
P102379,28.0,Male,"increased thirst, blurred vision, fatigue, frequent urination",122.0,164.0,235.0,Unknown,Diabetes,18-30
P102380,54.0,Male,"sensitivity to light, dizziness, headache, nausea",95.0,111.0,172.0,Family history of migraine,Migraine,46-60
P102381,43.0,Female,"nausea, vomiting",127.0,74.0,184.0,Unknown,Gastroenteritis,31-45
P102382,46.0,Female,Unknown,134.0,121.0,242.0,Unknown,Hypertension,46-60
P102383,64.0,Female,"dizziness, headache, fatigue",155.0,121.0,262.0,Unknown,Hypertension,61-75
P102384,59.0,Female,"blurred vision, increased thirst, fatigue, frequent urination",123.0,136.0,222.0,Unknown,Diabetes,46-60
P102385,69.0,Female,"increased thirst, fatigue",131.0,217.0,221.0,Unknown,Diabetes,61-75
P102386,18.0,Female,"nausea, sensitivity to light",135.0,124.0,183.0,Migraine,Migraine,18-30
P102387,50.0,Female,Unknown,124.0,76.0,153.0,Unknown,Healthy,46-60
P102388,58.0,Female,"blurred vision, frequent urination, increased thirst, fatigue",150.0,151.0,243.0,Diabetes,Diabetes,46-60
P102389,20.0,Female,"dizziness, headache",124.0,98.0,197.0,Family history of migraine,Migraine,18-30
P102390,35.0,Male,"frequent urination, increased thirst, fatigue, blurred vision",136.0,138.0,233.0,Family history of diabetes,Diabetes,31-45
P102391,32.0,Male,"shortness of breath, fever, cough",99.0,130.0,189.0,Previous respiratory infection,Pneumonia,31-45
P102392,46.0,Male,"dizziness, nausea, headache",120.0,89.0,191.0,Migraine,Migraine,46-60
P102393,74.0,Female,"fatigue, dizziness",148.0,159.0,289.0,High cholesterol,Heart Disease,61-75
P102394,80.0,Male,"frequent urination, increased thirst, blurred vision, fatigue",155.0,163.0,257.0,Diabetes,Diabetes,76+
P102395,32.0,Male,"shortness of breath, fever, chest pain",117.0,97.0,224.0,Asthma,Pneumonia,31-45
P102396,55.0,Female,Unknown,122.0,122.0,189.0,Unknown,Healthy,46-60
P102397,55.0,Male,"dizziness, fatigue, headache",156.0,106.0,272.0,Family history of hypertension,Hypertension,46-60
P102398,53.0,Male,"dizziness, fatigue, headache",169.0,119.0,230.0,Unknown,Hypertension,46-60
P102399,53.0,Male,"blurred vision, increased thirst, frequent urination, fatigue",132.0,198.0,207.0,Family history of diabetes,Diabetes,46-60
P102400,51.0,Male,"body ache, cough, sore throat, fatigue",134.0,90.0,220.0,Seasonal flu,Flu,46-60
P102401,75.0,Female,"chest pain, shortness of breath, cough, fever",108.0,83.0,207.0,Asthma,Pneumonia,61-75
P102402,65.0,Male,"nausea, abdominal pain",99.0,70.0,185.0,Unknown,Gastroenteritis,61-75
P102403,28.0,Male,"nausea, headache",90.0,108.0,166.0,Family history of migraine,Migraine,18-30
P102404,60.0,Female,Unknown,130.0,104.0,207.0,Unknown,Healthy,46-60
P102405,61.0,Male,"diarrhea, abdominal pain, vomiting",130.0,124.0,175.0,Previous gastrointestinal infection,Gastroenteritis,61-75
P102406,51.0,Male,"headache, dizziness, fatigue",165.0,106.0,281.0,Hypertension,Hypertension,46-60
P102407,65.0,Female,"sore throat, cough, body ache",115.0,75.0,212.0,Unknown,Flu,61-75
P102408,49.0,Female,"fatigue, shortness of breath, chest pain, dizziness",139.0,65.0,237.0,Hypertension,Heart Disease,46-60
P102409,49.0,Female,"chest pain, shortness of breath, dizziness, fatigue",145.0,180.0,231.0,High cholesterol,Heart Disease,46-60
P102410,48.0,Female,Unknown,137.0,104.0,160.0,Unknown,Healthy,46-60
P102411,18.0,Female,"headache, dizziness, sensitivity to light, nausea",143.0,95.0,176.0,Migraine,Migraine,18-30
P102412,45.0,Male,Unknown,127.0,98.0,174.0,Unknown,Healthy,31-45
P102413,35.0,Female,"cough, fever, fatigue",124.0,67.0,215.0,Seasonal flu,Flu,31-45
P102414,26.0,Female,"cough, body ache, fatigue",136.0,79.0,163.0,Seasonal flu,Flu,18-30
P102415,70.0,Male,"body ache, sore throat, fever, fatigue",122.0,146.0,250.0,Seasonal flu,Flu,61-75
P102416,55.0,Female,"frequent urination, blurred vision, increased thirst",128.0,189.0,207.0,Unknown,Diabetes,46-60
P102417,45.0,Male,"dizziness, fatigue",149.0,94.0,204.0,Family history of hypertension,Hypertension,31-45
P102418,36.0,Female,"body ache, fever, fatigue, cough",106.0,72.0,229.0,Seasonal flu,Flu,31-45
P102419,51.0,Female,"blurred vision, frequent urination, fatigue, increased thirst",131.0,162.0,258.0,Diabetes,Diabetes,46-60
P102420,63.0,Female,Unknown,104.0,108.0,177.0,Unknown,Healthy,61-75
P102421,32.0,Male,"frequent urination, increased thirst, fatigue, blurred vision",144.0,214.0,232.0,Family history of diabetes,Diabetes,31-45
P102422,46.0,Female,"dizziness, fatigue",159.0,107.0,248.0,Family history of hypertension,Hypertension,46-60
P102423,61.0,Female,"dizziness, nausea, headache, sensitivity to light",147.0,77.0,201.0,Unknown,Migraine,61-75
P102424,18.0,Male,"blurred vision, increased thirst",104.0,164.0,188.0,Unknown,Diabetes,18-30
P102425,45.0,Male,Unknown,143.0,98.0,120.0,Unknown,Healthy,31-45
P102426,39.0,Female,"headache, dizziness, nausea",101.0,69.0,174.0,Family history of migraine,Migraine,31-45
P102427,44.0,Male,"increased thirst, frequent urination, blurred vision, fatigue",129.0,181.0,268.0,Diabetes,Diabetes,31-45
P102428,37.0,Female,"sensitivity to light, nausea, dizziness, headache",114.0,124.0,238.0,Unknown,Migraine,31-45
P102429,48.0,Female,"shortness of breath, fever, cough, chest pain",145.0,107.0,187.0,Unknown,Pneumonia,46-60
P102430,79.0,Male,"headache, sensitivity to light, nausea, dizziness",133.0,90.0,179.0,Unknown,Migraine,76+
P102431,40.0,Female,"abdominal pain, fever",114.0,84.0,194.0,Unknown,Gastroenteritis,31-45
P102432,51.0,Male,"sensitivity to light, headache, dizziness, nausea",114.0,65.0,207.0,Migraine,Migraine,46-60
P102433,80.0,Female,"cough, chest pain, shortness of breath",113.0,108.0,214.0,Previous respiratory infection,Pneumonia,76+
P102434,37.0,Female,"chest pain, fatigue",160.0,121.0,193.0,Heart disease,Heart Disease,31-45
P102435,77.0,Male,"nausea, sensitivity to light, headache",141.0,87.0,277.0,Family history of migraine,Migraine,76+
P102436,46.0,Female,Unknown,135.0,135.0,205.0,Unknown,Healthy,46-60
P102437,76.0,Male,"shortness of breath, chest pain",137.0,128.0,194.0,Asthma,Pneumonia,76+
P102438,59.0,Female,"fever, chest pain, shortness of breath",92.0,67.0,179.0,Unknown,Pneumonia,46-60
P102439,51.0,Male,"cough, fatigue",105.0,65.0,215.0,Seasonal flu,Flu,46-60
P102440,45.0,Female,"headache, sensitivity to light, dizziness",131.0,77.0,207.0,Migraine,Migraine,31-45
P102441,35.0,Female,Unknown,109.0,124.0,178.0,Unknown,Healthy,31-45
P102442,47.0,Male,"fatigue, headache",144.0,131.0,249.0,Hypertension,Hypertension,46-60
P102443,61.0,Female,"dizziness, headache, fatigue",138.0,151.0,238.0,Unknown,Hypertension,61-75
P102444,46.0,Male,"fever, sore throat, fatigue",129.0,101.0,200.0,Unknown,Flu,46-60
P102445,41.0,Female,"fatigue, sore throat, cough",127.0,108.0,207.0,Seasonal flu,Flu,31-45
P102446,42.0,Male,"cough, chest pain, fever, shortness of breath",132.0,75.0,201.0,Asthma,Pneumonia,31-45
P102447,63.0,Female,"frequent urination, increased thirst, blurred vision",126.0,184.0,236.0,Diabetes,Diabetes,61-75
P102448,67.0,Male,"chest pain, shortness of breath, dizziness",152.0,117.0,293.0,High cholesterol,Heart Disease,61-75
P102449,35.0,Male,"shortness of breath, fever, chest pain, cough",105.0,95.0,153.0,Unknown,Pneumonia,31-45
P102450,35.0,Female,"cough, shortness of breath",122.0,136.0,172.0,Asthma,Pneumonia,31-45
P102451,52.0,Female,"cough, chest pain",92.0,102.0,195.0,Asthma,Pneumonia,46-60
P102452,72.0,Female,"dizziness, headache, sensitivity to light",107.0,135.0,183.0,Family history of migraine,Migraine,61-75
P102453,65.0,Female,"shortness of breath, fever, chest pain",125.0,73.0,187.0,Unknown,Pneumonia,61-75
P102454,46.0,Male,"nausea, diarrhea, fever, abdominal pain",148.0,151.0,215.0,Previous gastrointestinal infection,Gastroenteritis,46-60
P102455,42.0,Female,"chest pain, cough, fever",100.0,94.0,189.0,Asthma,Pneumonia,31-45
P102456,30.0,Male,"cough, fatigue, sore throat",101.0,113.0,143.0,Unknown,Flu,18-30
P102457,41.0,Male,"fever, chest pain, shortness of breath, cough",128.0,121.0,182.0,Previous respiratory infection,Pneumonia,31-45
P102458,73.0,Female,"increased thirst, blurred vision",162.0,168.0,232.0,Unknown,Diabetes,61-75
P102459,22.0,Female,"fatigue, headache",150.0,123.0,234.0,Unknown,Hypertension,18-30
P102460,18.0,Male,"fever, sore throat, body ache",126.0,113.0,198.0,Unknown,Flu,18-30
P102461,32.0,Male,Unknown,109.0,73.0,187.0,Unknown,Healthy,31-45
P102462,51.0,Female,"headache, sensitivity to light",118.0,85.0,193.0,Unknown,Migraine,46-60
P102463,57.0,Male,"increased thirst, fatigue, frequent urination, blurred vision",135.0,176.0,199.0,Diabetes,Diabetes,46-60
P102464,53.0,Male,"cough, chest pain",118.0,102.0,184.0,Previous respiratory infection,Pneumonia,46-60
P102465,66.0,Male,"fatigue, dizziness",165.0,147.0,227.0,Hypertension,Hypertension,61-75
P102466,18.0,Male,"headache, dizziness, nausea, sensitivity to light",97.0,108.0,183.0,Migraine,Migraine,18-30
P102467,66.0,Male,"abdominal pain, diarrhea, vomiting",134.0,101.0,209.0,Unknown,Gastroenteritis,61-75
P102468,41.0,Female,"fever, shortness of breath, chest pain, cough",126.0,115.0,202.0,Unknown,Pneumonia,31-45
P102469,58.0,Male,"shortness of breath, cough, chest pain",125.0,65.0,215.0,Previous respiratory infection,Pneumonia,46-60
P102470,24.0,Male,"dizziness, shortness of breath",119.0,97.0,242.0,Family history of heart disease,Heart Disease,18-30
P102471,46.0,Female,"cough, fatigue, body ache, fever",107.0,108.0,226.0,Unknown,Flu,46-60
P102472,50.0,Female,Unknown,134.0,118.0,195.0,Unknown,Healthy,46-60
P102473,66.0,Female,"dizziness, sensitivity to light",125.0,109.0,202.0,Migraine,Migraine,61-75
P102474,19.0,Female,"sore throat, fever",120.0,108.0,199.0,Unknown,Flu,18-30
P102475,47.0,Female,"shortness of breath, dizziness",134.0,136.0,239.0,Family history of heart disease,Heart Disease,46-60
P102476,28.0,Female,"frequent urination, blurred vision, fatigue, increased thirst",129.0,157.0,171.0,Unknown,Diabetes,18-30
P102477,55.0,Female,"frequent urination, blurred vision",115.0,171.0,212.0,Diabetes,Diabetes,46-60
P102478,59.0,Female,"fatigue, headache, dizziness",155.0,123.0,259.0,Unknown,Hypertension,46-60
P102479,68.0,Female,"shortness of breath, dizziness",155.0,112.0,262.0,Hypertension,Heart Disease,61-75
P102480,37.0,Male,Unknown,119.0,124.0,173.0,Unknown,Healthy,31-45
P102481,62.0,Female,"cough, fever, body ache, sore throat",111.0,81.0,173.0,Seasonal flu,Flu,61-75
P102482,69.0,Female,"headache, dizziness",151.0,124.0,196.0,Family history of hypertension,Hypertension,61-75
P102483,18.0,Male,"blurred vision, frequent urination",135.0,181.0,254.0,Diabetes,Diabetes,18-30
P102484,56.0,Female,"fatigue, shortness of breath",145.0,112.0,252.0,Family history of heart disease,Heart Disease,46-60
P102485,62.0,Male,Unknown,117.0,89.0,181.0,Unknown,Gastroenteritis,61-75
P102486,42.0,Male,"fatigue, dizziness, shortness of breath, chest pain",172.0,114.0,238.0,Hypertension,Heart Disease,31-45
P102487,25.0,Female,"fever, nausea",101.0,110.0,214.0,Unknown,Gastroenteritis,18-30
P102488,62.0,Male,"vomiting, nausea, diarrhea, fever",136.0,90.0,213.0,Unknown,Gastroenteritis,61-75
P102489,26.0,Male,"frequent urination, fatigue",112.0,144.0,198.0,Unknown,Diabetes,18-30
P102490,43.0,Male,"chest pain, cough, shortness of breath, fever",135.0,128.0,221.0,Asthma,Pneumonia,31-45
P102491,45.0,Female,Unknown,126.0,101.0,175.0,Unknown,Healthy,31-45
P102492,58.0,Male,"dizziness, shortness of breath, chest pain",141.0,141.0,243.0,Hypertension,Heart Disease,46-60
P102493,35.0,Female,"increased thirst, fatigue, frequent urination",113.0,186.0,216.0,Family history of diabetes,Diabetes,31-45
P102494,34.0,Female,Unknown,90.0,137.0,157.0,Unknown,Healthy,31-45
P102495,48.0,Female,Unknown,108.0,117.0,147.0,Unknown,Healthy,46-60
P102496,63.0,Female,"sore throat, body ache, fatigue, fever",132.0,90.0,212.0,Unknown,Flu,61-75
P102497,85.0,Female,"fever, fatigue, cough",113.0,121.0,193.0,Seasonal flu,Flu,76+
P102498,20.0,Male,"dizziness, fatigue, headache",148.0,92.0,248.0,Hypertension,Hypertension,18-30
P102499,51.0,Female,"fever, vomiting, abdominal pain",98.0,89.0,196.0,Previous gastrointestinal infection,Gastroenteritis,46-60
P102500,28.0,Female,"fever, cough, sore throat, body ache",115.0,66.0,200.0,Unknown,Flu,18-30
P102501,63.0,Male,"increased thirst, blurred vision, frequent urination",119.0,170.0,179.0,Family history of diabetes,Diabetes,61-75
P102502,30.0,Male,"dizziness, nausea, sensitivity to light, headache",120.0,107.0,171.0,Unknown,Migraine,18-30
P102503,35.0,Female,Unknown,107.0,88.0,190.0,Unknown,Healthy,31-45
P102504,36.0,Male,"nausea, diarrhea, abdominal pain, vomiting",100.0,71.0,156.0,Previous gastrointestinal infection,Gastroenteritis,31-45
P102505,45.0,Female,"headache, fatigue",142.0,77.0,247.0,Family history of hypertension,Hypertension,31-45
P102506,51.0,Male,"blurred vision, frequent urination, increased thirst, fatigue",120.0,220.0,193.0,Family history of diabetes,Diabetes,46-60
P102507,54.0,Female,Unknown,99.0,101.0,180.0,Unknown,Healthy,46-60
P102508,46.0,Male,Unknown,131.0,74.0,217.0,Unknown,Healthy,46-60
P102509,23.0,Female,"fatigue, fever, body ache, sore throat",112.0,106.0,204.0,Unknown,Flu,18-30
P102510,58.0,Male,"shortness of breath, fever",98.0,154.0,151.0,Previous respiratory infection,Pneumonia,46-60
P102511,45.0,Male,"sore throat, fever",112.0,115.0,210.0,Unknown,Flu,31-45
P102512,66.0,Male,"cough, fever",138.0,65.0,238.0,Unknown,Flu,61-75
P102513,34.0,Male,"fatigue, frequent urination, increased thirst",119.0,228.0,290.0,Unknown,Diabetes,31-45
P102514,19.0,Female,"frequent urination, increased thirst, blurred vision",148.0,125.0,231.0,Family history of diabetes,Diabetes,18-30
P102515,45.0,Female,"dizziness, headache, fatigue",139.0,106.0,205.0,Unknown,Hypertension,31-45
P102516,68.0,Male,"fever, nausea, diarrhea, abdominal pain",129.0,78.0,203.0,Unknown,Gastroenteritis,61-75
P102517,49.0,Female,"blurred vision, fatigue, increased thirst, frequent urination",147.0,157.0,264.0,Family history of diabetes,Diabetes,46-60
P102518,43.0,Male,"fatigue, dizziness",157.0,117.0,233.0,Family history of hypertension,Hypertension,31-45
P102519,31.0,Male,"fever, body ache",99.0,65.0,212.0,Seasonal flu,Flu,31-45
P102520,76.0,Female,"dizziness, headache",143.0,117.0,224.0,Hypertension,Hypertension,76+
P102521,28.0,Female,"dizziness, fatigue",164.0,132.0,244.0,Family history of hypertension,Hypertension,18-30
P102522,34.0,Female,"fever, sore throat",108.0,80.0,128.0,Seasonal flu,Flu,31-45
P102523,56.0,Male,"shortness of breath, dizziness, fatigue",162.0,88.0,234.0,Heart disease,Heart Disease,46-60
P102524,18.0,Male,"chest pain, fever",115.0,93.0,187.0,Unknown,Pneumonia,18-30
P102525,68.0,Female,Unknown,122.0,90.0,174.0,Unknown,Healthy,61-75
P102526,57.0,Male,"dizziness, headache",134.0,101.0,209.0,Family history of hypertension,Hypertension,46-60
P102527,61.0,Male,Unknown,110.0,70.0,169.0,Unknown,Healthy,61-75
P102528,55.0,Female,Unknown,106.0,106.0,188.0,Unknown,Healthy,46-60
P102529,43.0,Female,"fever, vomiting",121.0,110.0,186.0,Gastritis,Gastroenteritis,31-45
P102530,28.0,Male,"cough, chest pain",124.0,75.0,191.0,Unknown,Pneumonia,18-30
P102531,44.0,Male,"shortness of breath, fever, cough",132.0,82.0,210.0,Asthma,Pneumonia,31-45
P102532,29.0,Female,"chest pain, fever, shortness of breath, cough",116.0,102.0,182.0,Asthma,Pneumonia,18-30
P102533,54.0,Male,"headache, sensitivity to light, nausea",113.0,80.0,229.0,Migraine,Migraine,46-60
P102534,60.0,Male,"frequent urination, increased thirst, fatigue",137.0,180.0,204.0,Family history of diabetes,Diabetes,46-60
P102535,71.0,Male,Unknown,106.0,131.0,229.0,Unknown,Healthy,61-75
P102536,52.0,Female,"chest pain, cough, shortness of breath, fever",142.0,103.0,221.0,Unknown,Pneumonia,46-60
P102537,62.0,Female,"vomiting, abdominal pain, nausea",119.0,75.0,183.0,Gastritis,Gastroenteritis,61-75
P102538,41.0,Male,"fatigue, shortness of breath",141.0,124.0,247.0,Hypertension,Heart Disease,31-45
P102539,38.0,Male,"fatigue, frequent urination, increased thirst",137.0,166.0,229.0,Unknown,Diabetes,31-45
P102540,54.0,Female,"cough, sore throat, fever, fatigue",122.0,100.0,206.0,Unknown,Flu,46-60
P102541,39.0,Female,"fatigue, sore throat, fever",97.0,110.0,215.0,Unknown,Flu,31-45
P102542,51.0,Female,"cough, fatigue, body ache, fever",107.0,118.0,159.0,Unknown,Flu,46-60
P102543,28.0,Male,"fatigue, chest pain, shortness of breath, dizziness",158.0,113.0,262.0,Family history of heart disease,Heart Disease,18-30
P102544,31.0,Female,"dizziness, fatigue",150.0,106.0,184.0,Family history of hypertension,Hypertension,31-45
P102545,57.0,Female,"body ache, cough, fatigue",100.0,149.0,188.0,Unknown,Flu,46-60
P102546,61.0,Female,"fatigue, dizziness, shortness of breath",154.0,146.0,293.0,High cholesterol,Heart Disease,61-75
P102547,29.0,Male,Unknown,105.0,106.0,141.0,Unknown,Healthy,18-30
P102548,57.0,Female,"fatigue, dizziness, headache",141.0,117.0,202.0,Family history of hypertension,Hypertension,46-60
P102549,37.0,Male,"dizziness, chest pain, fatigue, shortness of breath",129.0,92.0,259.0,Family history of heart disease,Heart Disease,31-45
P102550,46.0,Male,"chest pain, shortness of breath, fatigue, dizziness",160.0,141.0,288.0,Heart disease,Heart Disease,46-60
P102551,70.0,Male,"body ache, sore throat, fatigue, fever",98.0,110.0,203.0,Unknown,Flu,61-75
P102552,60.0,Female,"cough, fever, sore throat",112.0,92.0,147.0,Unknown,Flu,46-60
P102553,60.0,Male,"shortness of breath, fever",130.0,101.0,156.0,Unknown,Pneumonia,46-60
P102554,78.0,Female,Unknown,144.0,79.0,187.0,Unknown,Healthy,76+
P102555,34.0,Male,"fatigue, headache",157.0,132.0,207.0,Unknown,Hypertension,31-45
P102556,29.0,Male,"headache, sensitivity to light, dizziness",109.0,110.0,195.0,Migraine,Migraine,18-30
P102557,34.0,Male,"fatigue, blurred vision, frequent urination, increased thirst",151.0,173.0,228.0,Unknown,Diabetes,31-45
P102558,46.0,Female,"fatigue, dizziness",131.0,109.0,226.0,Family history of hypertension,Hypertension,46-60
P102559,18.0,Male,"fatigue, body ache",120.0,79.0,228.0,Unknown,Flu,18-30
P102560,42.0,Male,"frequent urination, fatigue, increased thirst",138.0,124.0,239.0,Family history of diabetes,Diabetes,31-45
P102561,37.0,Male,"cough, shortness of breath",112.0,70.0,220.0,Asthma,Pneumonia,31-45
P102562,59.0,Male,"sensitivity to light, dizziness, headache, nausea",136.0,86.0,220.0,Family history of migraine,Migraine,46-60
P102563,52.0,Female,"sensitivity to light, headache, nausea, dizziness",118.0,81.0,193.0,Family history of migraine,Migraine,46-60
P102564,36.0,Male,"fever, fatigue, sore throat, body ache",129.0,105.0,184.0,Seasonal flu,Flu,31-45
P102565,56.0,Male,"shortness of breath, chest pain, cough, fever",102.0,124.0,188.0,Previous respiratory infection,Pneumonia,46-60
P102566,58.0,Female,"chest pain, dizziness",153.0,116.0,274.0,Hypertension,Heart Disease,46-60
P102567,33.0,Male,"increased thirst, blurred vision, frequent urination",124.0,200.0,207.0,Diabetes,Diabetes,31-45
P102568,38.0,Male,"increased thirst, frequent urination, blurred vision, fatigue",147.0,153.0,265.0,Diabetes,Diabetes,31-45
P102569,18.0,Male,"cough, shortness of breath, fever, chest pain",121.0,93.0,170.0,Unknown,Pneumonia,18-30
P102570,27.0,Male,Unknown,130.0,86.0,180.0,Unknown,Healthy,18-30
P102571,33.0,Female,"fatigue, blurred vision, frequent urination",137.0,193.0,217.0,Diabetes,Diabetes,31-45
P102572,47.0,Male,"cough, fever",120.0,104.0,180.0,Seasonal flu,Flu,46-60
P102573,30.0,Male,"sensitivity to light, headache, dizziness, nausea",132.0,98.0,244.0,Family history of migraine,Migraine,18-30
P102574,37.0,Female,"nausea, vomiting, diarrhea",128.0,65.0,176.0,Unknown,Gastroenteritis,31-45
P102575,25.0,Male,"fever, fatigue, cough",124.0,76.0,179.0,Unknown,Flu,18-30
P102576,49.0,Female,"shortness of breath, chest pain, fever, cough",95.0,128.0,178.0,Asthma,Pneumonia,46-60
P102577,53.0,Female,"sensitivity to light, nausea, headache, dizziness",112.0,65.0,198.0,Family history of migraine,Migraine,46-60
P102578,53.0,Male,Unknown,137.0,124.0,177.0,Unknown,Healthy,46-60
P102579,46.0,Male,"blurred vision, increased thirst",115.0,183.0,198.0,Unknown,Diabetes,46-60
P102580,20.0,Male,Unknown,124.0,69.0,163.0,Unknown,Healthy,18-30
P102581,35.0,Male,"frequent urination, increased thirst, fatigue, blurred vision",140.0,151.0,238.0,Diabetes,Diabetes,31-45
P102582,39.0,Male,"nausea, fever",107.0,137.0,211.0,Unknown,Gastroenteritis,31-45
P102583,39.0,Female,"fatigue, blurred vision",103.0,202.0,224.0,Diabetes,Diabetes,31-45
P102584,47.0,Male,"dizziness, headache, fatigue",143.0,109.0,240.0,Family history of hypertension,Hypertension,46-60
P102585,70.0,Male,"fatigue, blurred vision",166.0,181.0,221.0,Diabetes,Diabetes,61-75
P102586,60.0,Male,"fatigue, cough",112.0,91.0,181.0,Seasonal flu,Flu,46-60
P102587,29.0,Female,"fatigue, shortness of breath",132.0,115.0,230.0,Hypertension,Heart Disease,18-30
P102588,58.0,Female,"fatigue, headache",139.0,99.0,203.0,Unknown,Hypertension,46-60
P102589,57.0,Male,"fever, body ache",140.0,102.0,176.0,Unknown,Flu,46-60
P102590,32.0,Female,"fatigue, chest pain, shortness of breath",140.0,153.0,274.0,Hypertension,Heart Disease,31-45
P102591,60.0,Male,"sensitivity to light, headache, nausea",118.0,101.0,188.0,Unknown,Migraine,46-60
P102592,43.0,Female,Unknown,135.0,68.0,169.0,Unknown,Healthy,31-45
P102593,22.0,Female,"cough, shortness of breath, fever, chest pain",130.0,67.0,180.0,Asthma,Pneumonia,18-30
P102594,54.0,Female,"increased thirst, fatigue",121.0,177.0,257.0,Family history of diabetes,Diabetes,46-60
P102595,50.0,Male,"shortness of breath, fatigue, chest pain, dizziness",130.0,101.0,234.0,High cholesterol,Heart Disease,46-60
P102596,42.0,Male,Unknown,132.0,97.0,184.0,Unknown,Healthy,31-45
P102597,45.0,Female,"blurred vision, increased thirst, frequent urination, fatigue",132.0,136.0,223.0,Diabetes,Diabetes,31-45
P102598,34.0,Male,"chest pain, dizziness, fatigue, shortness of breath",122.0,128.0,254.0,High cholesterol,Heart Disease,31-45
P102599,56.0,Male,Unknown,93.0,71.0,186.0,Unknown,Healthy,46-60
P102600,45.0,Female,Unknown,100.0,93.0,179.0,Unknown,Healthy,31-45
P102601,49.0,Female,"sore throat, fatigue, body ache",104.0,95.0,210.0,Unknown,Flu,46-60
P102602,52.0,Female,"chest pain, shortness of breath, fever",99.0,143.0,194.0,Previous respiratory infection,Pneumonia,46-60
P102603,26.0,Female,"fatigue, fever",102.0,100.0,228.0,Unknown,Flu,18-30
P102604,31.0,Female,"sensitivity to light, nausea",109.0,138.0,193.0,Migraine,Migraine,31-45
P102605,18.0,Male,"blurred vision, increased thirst, fatigue",121.0,178.0,179.0,Unknown,Diabetes,18-30
P102606,56.0,Female,"frequent urination, increased thirst, fatigue, blurred vision",158.0,206.0,243.0,Diabetes,Diabetes,46-60
P102607,25.0,Female,"chest pain, shortness of breath, fever",119.0,93.0,198.0,Asthma,Pneumonia,18-30
P102608,48.0,Female,"headache, dizziness",149.0,119.0,239.0,Family history of hypertension,Hypertension,46-60
P102609,52.0,Male,"shortness of breath, fever",134.0,132.0,188.0,Previous respiratory infection,Pneumonia,46-60
P102610,56.0,Male,"shortness of breath, chest pain, fatigue, dizziness",145.0,139.0,206.0,High cholesterol,Heart Disease,46-60
P102611,26.0,Female,Unknown,118.0,99.0,127.0,Unknown,Healthy,18-30
P102612,45.0,Male,"nausea, abdominal pain",122.0,90.0,228.0,Unknown,Gastroenteritis,31-45
P102613,74.0,Male,"fever, cough, sore throat",128.0,108.0,182.0,Unknown,Flu,61-75
P102614,75.0,Female,"fever, abdominal pain, nausea",162.0,130.0,217.0,Previous gastrointestinal infection,Gastroenteritis,61-75
P102615,63.0,Male,"fatigue, headache",167.0,145.0,203.0,Family history of hypertension,Hypertension,61-75
P102616,52.0,Male,"fever, body ache, cough",107.0,90.0,166.0,Unknown,Flu,46-60
P102617,29.0,Male,"headache, fatigue, dizziness",153.0,91.0,251.0,Hypertension,Hypertension,18-30
P102618,58.0,Male,Unknown,107.0,75.0,178.0,Unknown,Healthy,46-60
P102619,43.0,Female,"nausea, fever, abdominal pain",124.0,115.0,201.0,Gastritis,Gastroenteritis,31-45
P102620,56.0,Male,Unknown,99.0,74.0,180.0,Unknown,Healthy,46-60
P102621,35.0,Male,Unknown,99.0,107.0,171.0,Unknown,Healthy,31-45
P102622,43.0,Male,Unknown,120.0,104.0,161.0,Unknown,Healthy,31-45
P102623,49.0,Male,"fatigue, headache, dizziness",166.0,100.0,210.0,Unknown,Hypertension,46-60
P102624,50.0,Male,Unknown,124.0,128.0,213.0,Unknown,Healthy,46-60
P102625,54.0,Male,"cough, fever",140.0,73.0,232.0,Unknown,Pneumonia,46-60
P102626,36.0,Female,"fever, cough",125.0,135.0,163.0,Unknown,Flu,31-45
P102627,23.0,Male,"fever, cough, fatigue, sore throat",119.0,103.0,159.0,Seasonal flu,Flu,18-30
P102628,74.0,Male,"fatigue, dizziness",144.0,78.0,252.0,High cholesterol,Heart Disease,61-75
P102629,85.0,Male,"dizziness, fatigue, headache",170.0,156.0,254.0,Family history of hypertension,Hypertension,76+
P102630,54.0,Male,"dizziness, fatigue",167.0,135.0,235.0,Unknown,Hypertension,46-60
P102631,23.0,Male,"blurred vision, increased thirst, fatigue",127.0,157.0,233.0,Unknown,Diabetes,18-30
P102632,33.0,Male,"fatigue, cough",117.0,77.0,186.0,Seasonal flu,Flu,31-45
P102633,55.0,Male,Unknown,140.0,65.0,177.0,Unknown,Healthy,46-60
P102634,69.0,Male,"shortness of breath, cough, fever, chest pain",130.0,162.0,256.0,Asthma,Pneumonia,61-75
P102635,25.0,Female,"cough, body ache, fatigue, sore throat",118.0,76.0,173.0,Unknown,Flu,18-30
P102636,44.0,Male,"fever, cough, sore throat, fatigue",128.0,73.0,229.0,Unknown,Flu,31-45
P102637,49.0,Female,"cough, fever",120.0,108.0,226.0,Seasonal flu,Flu,46-60
P102638,61.0,Female,"dizziness, fatigue, headache",142.0,79.0,253.0,Unknown,Hypertension,61-75
P102639,40.0,Male,"abdominal pain, nausea, fever, vomiting",122.0,74.0,141.0,Unknown,Gastroenteritis,31-45
P102640,19.0,Male,"fatigue, dizziness",146.0,126.0,234.0,Family history of hypertension,Hypertension,18-30
P102641,57.0,Male,"nausea, sensitivity to light, dizziness, headache",152.0,112.0,185.0,Family history of migraine,Migraine,46-60
P102642,65.0,Male,"dizziness, sensitivity to light, nausea, headache",139.0,95.0,199.0,Migraine,Migraine,61-75
P102643,45.0,Female,"cough, fever",118.0,103.0,167.0,Unknown,Pneumonia,31-45
P102644,53.0,Male,Unknown,128.0,84.0,198.0,Unknown,Healthy,46-60
P102645,38.0,Female,"chest pain, fatigue",149.0,113.0,277.0,High cholesterol,Heart Disease,31-45
P102646,32.0,Male,Unknown,132.0,72.0,203.0,Unknown,Healthy,31-45
P102647,63.0,Female,"sensitivity to light, dizziness",120.0,91.0,189.0,Family history of migraine,Migraine,61-75
P102648,53.0,Female,"diarrhea, abdominal pain, vomiting",122.0,86.0,164.0,Gastritis,Gastroenteritis,46-60
P102649,54.0,Male,Unknown,129.0,89.0,203.0,Previous respiratory infection,Pneumonia,46-60
P102650,72.0,Female,"diarrhea, nausea, vomiting",124.0,127.0,236.0,Gastritis,Gastroenteritis,61-75
P102651,28.0,Female,Unknown,101.0,105.0,176.0,Unknown,Healthy,18-30
P102652,37.0,Male,"sore throat, fever, cough",128.0,78.0,199.0,Seasonal flu,Flu,31-45
P102653,49.0,Male,"abdominal pain, diarrhea, fever, vomiting",125.0,72.0,183.0,Previous gastrointestinal infection,Gastroenteritis,46-60
P102654,36.0,Male,Unknown,140.0,93.0,181.0,Family history of migraine,Migraine,31-45
P102655,59.0,Male,"fever, body ache, cough, fatigue",123.0,152.0,209.0,Seasonal flu,Flu,46-60
P102656,43.0,Female,Unknown,110.0,69.0,175.0,Unknown,Healthy,31-45
P102657,29.0,Male,"dizziness, fatigue, shortness of breath, chest pain",154.0,108.0,261.0,Family history of heart disease,Heart Disease,18-30
P102658,47.0,Male,"cough, sore throat",110.0,103.0,203.0,Unknown,Flu,46-60
P102659,49.0,Female,"increased thirst, frequent urination, fatigue, blurred vision",148.0,171.0,234.0,Diabetes,Diabetes,46-60
P102660,62.0,Male,"fatigue, headache",169.0,105.0,255.0,Hypertension,Hypertension,61-75
P102661,53.0,Female,"nausea, vomiting, abdominal pain",137.0,124.0,169.0,Gastritis,Gastroenteritis,46-60
P102662,54.0,Male,"shortness of breath, chest pain, dizziness, fatigue",153.0,128.0,235.0,Family history of heart disease,Heart Disease,46-60
P102663,51.0,Female,"dizziness, chest pain",140.0,136.0,255.0,High cholesterol,Heart Disease,46-60
P102664,43.0,Female,"fatigue, dizziness, headache",152.0,123.0,237.0,Family history of hypertension,Hypertension,31-45
P102665,34.0,Male,"sore throat, fatigue",124.0,118.0,175.0,Unknown,Flu,31-45
P102666,51.0,Female,"vomiting, fever, diarrhea",111.0,133.0,195.0,Previous gastrointestinal infection,Gastroenteritis,46-60
P102667,40.0,Male,Unknown,134.0,120.0,199.0,Unknown,Healthy,31-45
P102668,75.0,Female,"increased thirst, blurred vision, fatigue",146.0,231.0,260.0,Diabetes,Diabetes,61-75
P102669,69.0,Female,"chest pain, cough",118.0,136.0,232.0,Unknown,Pneumonia,61-75
P102670,57.0,Male,"fatigue, cough, body ache, sore throat",150.0,89.0,161.0,Seasonal flu,Flu,46-60
P102671,52.0,Female,"chest pain, cough, shortness of breath, fever",129.0,123.0,166.0,Previous respiratory infection,Pneumonia,46-60
P102672,45.0,Female,"fever, cough",106.0,117.0,183.0,Unknown,Flu,31-45
P102673,25.0,Female,"fatigue, dizziness, chest pain, shortness of breath",131.0,153.0,253.0,Hypertension,Heart Disease,18-30
P102674,42.0,Female,"body ache, sore throat, fatigue, cough",141.0,79.0,184.0,Unknown,Flu,31-45
P102675,48.0,Female,"fever, cough, shortness of breath",152.0,116.0,180.0,Asthma,Pneumonia,46-60
P102676,50.0,Male,"body ache, fatigue, sore throat",136.0,87.0,184.0,Seasonal flu,Flu,46-60
P102677,54.0,Female,"fever, fatigue, body ache, cough",141.0,115.0,203.0,Seasonal flu,Flu,46-60
P102678,62.0,Female,"fever, diarrhea",138.0,97.0,159.0,Gastritis,Gastroenteritis,61-75
P102679,34.0,Male,"sensitivity to light, dizziness, nausea, headache",130.0,107.0,249.0,Migraine,Migraine,31-45
P102680,34.0,Male,"fatigue, dizziness, chest pain, shortness of breath",149.0,82.0,253.0,High cholesterol,Heart Disease,31-45
P102681,71.0,Male,"diarrhea, abdominal pain",130.0,121.0,218.0,Gastritis,Gastroenteritis,61-75
P102682,59.0,Male,Unknown,129.0,100.0,207.0,Unknown,Healthy,46-60
P102683,39.0,Male,"fatigue, headache",140.0,113.0,251.0,Family history of hypertension,Hypertension,31-45
P102684,44.0,Male,"fever, chest pain",136.0,146.0,195.0,Unknown,Pneumonia,31-45
P102685,44.0,Female,"fatigue, dizziness",171.0,102.0,258.0,Hypertension,Hypertension,31-45
P102686,47.0,Male,"dizziness, headache, nausea",121.0,107.0,191.0,Family history of migraine,Migraine,46-60
P102687,54.0,Male,"headache, fatigue",148.0,115.0,277.0,Family history of hypertension,Hypertension,46-60
P102688,85.0,Female,"nausea, headache, sensitivity to light, dizziness",138.0,113.0,167.0,Unknown,Migraine,76+
P102689,49.0,Male,"dizziness, headache, fatigue",143.0,161.0,262.0,Unknown,Hypertension,46-60
P102690,57.0,Male,"fever, cough, body ache",105.0,105.0,195.0,Unknown,Flu,46-60
P102691,18.0,Female,Unknown,127.0,73.0,148.0,Unknown,Healthy,18-30
P102692,38.0,Female,"shortness of breath, dizziness, fatigue, chest pain",138.0,155.0,300.0,Hypertension,Heart Disease,31-45
P102693,67.0,Female,Unknown,120.0,91.0,227.0,Unknown,Healthy,61-75
P102694,53.0,Male,Unknown,109.0,65.0,130.0,Unknown,Healthy,46-60
P102695,18.0,Male,Unknown,129.0,69.0,177.0,Unknown,Healthy,18-30
P102696,57.0,Female,"headache, dizziness, fatigue",165.0,87.0,257.0,Hypertension,Hypertension,46-60
P102697,79.0,Female,"abdominal pain, nausea",121.0,66.0,205.0,Previous gastrointestinal infection,Gastroenteritis,76+
P102698,18.0,Female,"fatigue, increased thirst, blurred vision, frequent urination",111.0,157.0,256.0,Unknown,Diabetes,18-30
P102699,72.0,Female,"shortness of breath, dizziness, fatigue, chest pain",146.0,121.0,292.0,High cholesterol,Heart Disease,61-75
P102700,18.0,Male,Unknown,119.0,111.0,179.0,Unknown,Healthy,18-30
P102701,62.0,Male,"headache, nausea, dizziness, sensitivity to light",130.0,117.0,253.0,Unknown,Migraine,61-75
P102702,46.0,Female,"fatigue, sore throat",123.0,114.0,213.0,Seasonal flu,Flu,46-60
P102703,18.0,Female,"fatigue, dizziness, shortness of breath, chest pain",144.0,90.0,241.0,Heart disease,Heart Disease,18-30
P102704,54.0,Male,"diarrhea, vomiting",130.0,119.0,177.0,Previous gastrointestinal infection,Gastroenteritis,46-60
P102705,66.0,Female,"nausea, sensitivity to light, headache",127.0,135.0,229.0,Family history of migraine,Migraine,61-75
P102706,52.0,Male,"body ache, fever, cough, fatigue",129.0,111.0,172.0,Seasonal flu,Flu,46-60
P102707,56.0,Female,Unknown,104.0,104.0,170.0,Unknown,Healthy,46-60
P102708,39.0,Male,"headache, fatigue, dizziness",186.0,82.0,231.0,Unknown,Hypertension,31-45
P102709,18.0,Female,"headache, dizziness, fatigue",142.0,127.0,241.0,Unknown,Hypertension,18-30
P102710,58.0,Male,"cough, fever",131.0,145.0,191.0,Previous respiratory infection,Pneumonia,46-60
P102711,76.0,Female,Unknown,130.0,107.0,153.0,Unknown,Healthy,76+
P102712,65.0,Female,"fatigue, dizziness",149.0,103.0,270.0,Family history of hypertension,Hypertension,61-75
P102713,18.0,Male,"dizziness, headache",146.0,101.0,223.0,Unknown,Hypertension,18-30
P102714,20.0,Female,"blurred vision, fatigue, increased thirst, frequent urination",127.0,157.0,268.0,Family history of diabetes,Diabetes,18-30
P102715,32.0,Female,Unknown,101.0,81.0,183.0,Unknown,Healthy,31-45
P102716,19.0,Female,"dizziness, headache",152.0,119.0,263.0,Family history of hypertension,Hypertension,18-30
P102717,47.0,Male,"body ache, fever",98.0,108.0,206.0,Unknown,Flu,46-60
P102718,53.0,Female,Unknown,142.0,116.0,211.0,Unknown,Healthy,46-60
P102719,22.0,Female,"increased thirst, frequent urination",139.0,174.0,234.0,Family history of diabetes,Diabetes,18-30
P102720,59.0,Female,"fatigue, sore throat, fever, body ache",132.0,85.0,198.0,Unknown,Flu,46-60
P102721,56.0,Male,"body ache, sore throat",99.0,93.0,218.0,Seasonal flu,Flu,46-60
P102722,37.0,Female,"fever, vomiting, diarrhea",105.0,83.0,246.0,Previous gastrointestinal infection,Gastroenteritis,31-45
P102723,43.0,Male,"dizziness, shortness of breath, fatigue, chest pain",165.0,111.0,248.0,Hypertension,Heart Disease,31-45
P102724,18.0,Male,"fever, cough, body ache",174.0,134.0,204.0,Unknown,Flu,18-30
P102725,40.0,Male,"headache, fatigue, dizziness",167.0,153.0,237.0,Hypertension,Hypertension,31-45
P102726,46.0,Male,"headache, nausea",139.0,118.0,207.0,Unknown,Migraine,46-60
P102727,49.0,Male,"abdominal pain, vomiting, diarrhea, nausea",126.0,101.0,190.0,Unknown,Gastroenteritis,46-60
P102728,52.0,Male,"blurred vision, frequent urination",121.0,144.0,175.0,Family history of diabetes,Diabetes,46-60
P102729,50.0,Female,"chest pain, dizziness, fatigue",161.0,122.0,251.0,Heart disease,Heart Disease,46-60
P102730,42.0,Female,Unknown,100.0,74.0,201.0,Unknown,Healthy,31-45
P102731,51.0,Male,"frequent urination, fatigue, blurred vision",116.0,209.0,208.0,Family history of diabetes,Diabetes,46-60
P102732,63.0,Female,"chest pain, dizziness, shortness of breath, fatigue",131.0,85.0,281.0,Family history of heart disease,Heart Disease,61-75
P102733,44.0,Female,"cough, fever",134.0,109.0,194.0,Unknown,Flu,31-45
P102734,51.0,Female,"fatigue, dizziness, chest pain, shortness of breath",146.0,98.0,252.0,High cholesterol,Heart Disease,46-60
P102735,43.0,Female,"fatigue, dizziness",152.0,110.0,259.0,Unknown,Hypertension,31-45
P102736,35.0,Female,"fatigue, body ache, sore throat, cough",119.0,113.0,204.0,Unknown,Flu,31-45
P102737,55.0,Female,"dizziness, fatigue, headache",137.0,136.0,250.0,Hypertension,Hypertension,46-60
P102738,37.0,Female,"cough, fever, fatigue",110.0,98.0,213.0,Seasonal flu,Flu,31-45
P102739,53.0,Female,"headache, dizziness",117.0,118.0,201.0,Migraine,Migraine,46-60
P102740,46.0,Male,"cough, shortness of breath, fever, chest pain",107.0,89.0,154.0,Unknown,Pneumonia,46-60
P102741,41.0,Female,"fatigue, blurred vision, increased thirst, frequent urination",124.0,176.0,215.0,Unknown,Diabetes,31-45
P102742,40.0,Female,"diarrhea, vomiting",102.0,118.0,144.0,Previous gastrointestinal infection,Gastroenteritis,31-45
P102743,37.0,Female,"headache, fatigue, dizziness",158.0,116.0,252.0,Hypertension,Hypertension,31-45
P102744,18.0,Female,"nausea, dizziness, sensitivity to light, headache",128.0,81.0,211.0,Unknown,Migraine,18-30
P102745,53.0,Male,"shortness of breath, dizziness",129.0,112.0,279.0,Family history of heart disease,Heart Disease,46-60
P102746,50.0,Male,"nausea, abdominal pain, vomiting",115.0,121.0,201.0,Previous gastrointestinal infection,Gastroenteritis,46-60
P102747,60.0,Female,"headache, dizziness",180.0,91.0,264.0,Unknown,Hypertension,46-60
P102748,37.0,Female,"headache, dizziness",136.0,88.0,199.0,Family history of hypertension,Hypertension,31-45
P102749,78.0,Female,"fever, sore throat, cough, body ache",133.0,122.0,194.0,Unknown,Flu,76+
P102750,40.0,Female,"blurred vision, fatigue, frequent urination",133.0,161.0,190.0,Family history of diabetes,Diabetes,31-45
P102751,31.0,Female,"dizziness, headache",164.0,76.0,227.0,Hypertension,Hypertension,31-45
P102752,29.0,Female,"sensitivity to light, nausea, dizziness",125.0,125.0,231.0,Migraine,Migraine,18-30
P102753,18.0,Male,"fever, diarrhea, nausea",107.0,66.0,209.0,Gastritis,Gastroenteritis,18-30
P102754,72.0,Female,"increased thirst, fatigue, frequent urination",138.0,174.0,246.0,Diabetes,Diabetes,61-75
P102755,69.0,Male,Unknown,121.0,84.0,178.0,Unknown,Healthy,61-75
P102756,56.0,Female,"diarrhea, abdominal pain, fever, vomiting",119.0,93.0,166.0,Unknown,Gastroenteritis,46-60
P102757,31.0,Male,Unknown,95.0,69.0,180.0,Unknown,Healthy,31-45
P102758,77.0,Female,"sensitivity to light, dizziness, headache",147.0,123.0,228.0,Family history of migraine,Migraine,76+
P102759,40.0,Male,"dizziness, nausea, headache, sensitivity to light",138.0,100.0,204.0,Migraine,Migraine,31-45
P102760,41.0,Male,"sore throat, fatigue",106.0,122.0,151.0,Seasonal flu,Flu,31-45
P102761,70.0,Female,"shortness of breath, chest pain, cough, fever",126.0,96.0,201.0,Asthma,Pneumonia,61-75
P102762,57.0,Female,Unknown,115.0,142.0,134.0,Unknown,Healthy,46-60
P102763,83.0,Male,"increased thirst, frequent urination, blurred vision, fatigue",123.0,140.0,252.0,Unknown,Diabetes,76+
P102764,50.0,Female,"dizziness, fatigue, chest pain, shortness of breath",121.0,82.0,239.0,Hypertension,Heart Disease,46-60
P102765,39.0,Male,"increased thirst, fatigue, blurred vision, frequent urination",122.0,209.0,194.0,Diabetes,Diabetes,31-45
P102766,36.0,Male,Unknown,109.0,100.0,196.0,Unknown,Healthy,31-45
P102767,18.0,Male,"body ache, cough, fever",96.0,102.0,198.0,Seasonal flu,Flu,18-30
P102768,41.0,Female,"headache, nausea, dizziness, sensitivity to light",126.0,107.0,200.0,Unknown,Migraine,31-45
P102769,65.0,Female,"fever, vomiting, nausea",138.0,115.0,245.0,Previous gastrointestinal infection,Gastroenteritis,61-75
P102770,56.0,Female,Unknown,130.0,101.0,195.0,Unknown,Healthy,46-60
P102771,46.0,Female,"fatigue, headache",149.0,90.0,223.0,Family history of hypertension,Hypertension,46-60
P102772,29.0,Female,"nausea, fever, vomiting",90.0,111.0,197.0,Unknown,Gastroenteritis,18-30
P102773,50.0,Female,Unknown,127.0,108.0,172.0,Unknown,Healthy,46-60
P102774,63.0,Female,"increased thirst, blurred vision, fatigue, frequent urination",137.0,208.0,259.0,Unknown,Diabetes,61-75
P102775,53.0,Male,"sensitivity to light, headache, dizziness",131.0,140.0,203.0,Migraine,Migraine,46-60
P102776,49.0,Male,"fatigue, shortness of breath, dizziness, chest pain",174.0,124.0,265.0,Family history of heart disease,Heart Disease,46-60
P102777,32.0,Male,"shortness of breath, chest pain, cough, fever",112.0,73.0,156.0,Asthma,Pneumonia,31-45
P102778,61.0,Female,"cough, body ache, fatigue, fever",90.0,144.0,195.0,Seasonal flu,Flu,61-75
P102779,18.0,Female,"fatigue, dizziness, headache",131.0,82.0,231.0,Family history of hypertension,Hypertension,18-30
P102780,53.0,Male,"frequent urination, fatigue, blurred vision, increased thirst",140.0,181.0,202.0,Family history of diabetes,Diabetes,46-60
P102781,85.0,Female,"blurred vision, frequent urination, fatigue",140.0,176.0,228.0,Unknown,Diabetes,76+
P102782,20.0,Female,"increased thirst, fatigue",110.0,156.0,230.0,Diabetes,Diabetes,18-30
P102783,42.0,Male,"shortness of breath, cough, fever",106.0,119.0,192.0,Previous respiratory infection,Pneumonia,31-45
P102784,46.0,Male,"dizziness, chest pain, fatigue",141.0,122.0,221.0,High cholesterol,Heart Disease,46-60
P102785,38.0,Male,"headache, dizziness, fatigue",132.0,121.0,230.0,Hypertension,Hypertension,31-45
P102786,64.0,Male,"headache, sensitivity to light, nausea",135.0,86.0,188.0,Migraine,Migraine,61-75
P102787,54.0,Female,"headache, nausea, dizziness, sensitivity to light",120.0,97.0,201.0,Unknown,Migraine,46-60
P102788,49.0,Female,"fever, sore throat, fatigue",113.0,85.0,193.0,Seasonal flu,Flu,46-60
P102789,60.0,Male,Unknown,108.0,91.0,171.0,Unknown,Healthy,46-60
P102790,46.0,Male,"dizziness, fatigue, shortness of breath",150.0,114.0,244.0,Family history of heart disease,Heart Disease,46-60
P102791,85.0,Male,"fever, nausea, diarrhea, vomiting",126.0,148.0,198.0,Gastritis,Gastroenteritis,76+
P102792,49.0,Male,"frequent urination, blurred vision, fatigue, increased thirst",136.0,167.0,249.0,Family history of diabetes,Diabetes,46-60
P102793,49.0,Male,"sensitivity to light, headache, nausea, dizziness",127.0,65.0,202.0,Unknown,Migraine,46-60
P102794,18.0,Female,Unknown,110.0,116.0,207.0,Unknown,Healthy,18-30
P102795,37.0,Female,"vomiting, fever, nausea",102.0,105.0,214.0,Previous gastrointestinal infection,Gastroenteritis,31-45
P102796,66.0,Female,"fever, cough",120.0,105.0,233.0,Unknown,Pneumonia,61-75
P102797,23.0,Male,"shortness of breath, chest pain, fever",117.0,88.0,221.0,Unknown,Pneumonia,18-30
P102798,18.0,Female,"fatigue, dizziness",170.0,88.0,287.0,High cholesterol,Heart Disease,18-30
P102799,47.0,Male,"dizziness, sensitivity to light",105.0,142.0,168.0,Unknown,Migraine,46-60
P102800,69.0,Male,"diarrhea, nausea",116.0,104.0,208.0,Gastritis,Gastroenteritis,61-75
P102801,47.0,Female,Unknown,118.0,65.0,208.0,Unknown,Healthy,46-60
P102802,40.0,Female,"body ache, fatigue",116.0,107.0,223.0,Unknown,Flu,31-45
P102803,18.0,Male,"fatigue, blurred vision",142.0,192.0,201.0,Diabetes,Diabetes,18-30
P102804,54.0,Male,"fever, cough, chest pain",123.0,109.0,211.0,Asthma,Pneumonia,46-60
P102805,57.0,Female,"increased thirst, frequent urination, fatigue, blurred vision",131.0,155.0,229.0,Family history of diabetes,Diabetes,46-60
P102806,18.0,Female,"headache, fatigue",158.0,82.0,277.0,Family history of hypertension,Hypertension,18-30
P102807,65.0,Female,"fatigue, shortness of breath, chest pain, dizziness",175.0,101.0,226.0,Family history of heart disease,Heart Disease,61-75
P102808,59.0,Male,"nausea, headache, dizziness, sensitivity to light",146.0,136.0,179.0,Family history of migraine,Migraine,46-60
P102809,65.0,Male,"dizziness, fatigue",153.0,114.0,199.0,Hypertension,Hypertension,61-75
P102810,56.0,Male,"dizziness, fatigue, headache",152.0,77.0,244.0,Unknown,Hypertension,46-60
P102811,57.0,Male,"blurred vision, frequent urination",135.0,183.0,282.0,Family history of diabetes,Diabetes,46-60
P102812,55.0,Female,Unknown,120.0,98.0,179.0,Unknown,Healthy,46-60
P102813,61.0,Female,"sensitivity to light, dizziness, headache",115.0,93.0,201.0,Unknown,Migraine,61-75
P102814,18.0,Male,"blurred vision, frequent urination, fatigue, increased thirst",140.0,143.0,233.0,Diabetes,Diabetes,18-30
P102815,20.0,Female,"blurred vision, increased thirst, frequent urination",130.0,142.0,217.0,Diabetes,Diabetes,18-30
P102816,33.0,Female,Unknown,118.0,122.0,196.0,Seasonal flu,Flu,31-45
P102817,44.0,Female,"dizziness, headache, fatigue",133.0,116.0,247.0,Hypertension,Hypertension,31-45
P102818,53.0,Male,"fever, cough",128.0,108.0,174.0,Unknown,Pneumonia,46-60
P102819,52.0,Male,"sore throat, body ache",96.0,108.0,189.0,Unknown,Flu,46-60
P102820,65.0,Male,Unknown,111.0,104.0,200.0,Unknown,Healthy,61-75
P102821,66.0,Male,"dizziness, fatigue",147.0,106.0,264.0,Unknown,Hypertension,61-75
P102822,31.0,Male,"dizziness, sensitivity to light, headache, nausea",125.0,91.0,223.0,Unknown,Migraine,31-45
P102823,50.0,Male,"increased thirst, frequent urination",159.0,199.0,234.0,Unknown,Diabetes,46-60
P102824,32.0,Male,Unknown,122.0,120.0,184.0,Unknown,Healthy,31-45
P102825,43.0,Male,Unknown,136.0,65.0,196.0,Unknown,Healthy,31-45
P102826,51.0,Female,"dizziness, sensitivity to light, headache, nausea",134.0,96.0,182.0,Family history of migraine,Migraine,46-60
P102827,18.0,Female,"body ache, fatigue, fever",132.0,113.0,169.0,Seasonal flu,Flu,18-30
P102828,85.0,Male,"headache, fatigue",184.0,162.0,243.0,Unknown,Hypertension,76+
P102829,56.0,Female,"diarrhea, abdominal pain",110.0,139.0,160.0,Previous gastrointestinal infection,Gastroenteritis,46-60
P102830,36.0,Male,"sensitivity to light, dizziness",111.0,79.0,203.0,Family history of migraine,Migraine,31-45
P102831,79.0,Male,"dizziness, headache",166.0,148.0,270.0,Hypertension,Hypertension,76+
P102832,40.0,Female,"fatigue, fever, body ache, sore throat",120.0,101.0,172.0,Unknown,Flu,31-45
P102833,48.0,Male,"fever, cough, fatigue, sore throat",125.0,125.0,201.0,Seasonal flu,Flu,46-60
P102834,38.0,Male,"nausea, fever, abdominal pain, vomiting",113.0,113.0,172.0,Previous gastrointestinal infection,Gastroenteritis,31-45
P102835,74.0,Male,"dizziness, headache, sensitivity to light, nausea",121.0,78.0,176.0,Unknown,Migraine,61-75
P102836,44.0,Male,"fever, chest pain",149.0,115.0,242.0,Previous respiratory infection,Pneumonia,31-45
P102837,49.0,Female,"cough, fever, chest pain",111.0,126.0,170.0,Previous respiratory infection,Pneumonia,46-60
P102838,66.0,Male,"headache, fatigue",164.0,116.0,211.0,Unknown,Hypertension,61-75
P102839,56.0,Male,"shortness of breath, fatigue",155.0,113.0,262.0,Heart disease,Heart Disease,46-60
P102840,46.0,Male,"blurred vision, frequent urination",110.0,137.0,231.0,Family history of diabetes,Diabetes,46-60
P102841,65.0,Female,"nausea, vomiting, diarrhea",110.0,117.0,208.0,Unknown,Gastroenteritis,61-75
P102842,85.0,Male,"body ache, fever, sore throat, fatigue",119.0,116.0,246.0,Seasonal flu,Flu,76+
P102843,51.0,Female,"cough, fatigue, fever, body ache",130.0,82.0,173.0,Seasonal flu,Flu,46-60
P102844,48.0,Female,"headache, dizziness",146.0,105.0,225.0,Unknown,Hypertension,46-60
P102845,49.0,Male,"dizziness, fatigue",151.0,115.0,277.0,Hypertension,Hypertension,46-60
P102846,68.0,Female,"cough, fever",110.0,96.0,220.0,Unknown,Pneumonia,61-75
P102847,36.0,Male,"dizziness, fatigue",182.0,109.0,255.0,Unknown,Hypertension,31-45
P102848,41.0,Male,"fatigue, blurred vision",132.0,133.0,210.0,Unknown,Diabetes,31-45
P102849,20.0,Male,"nausea, sensitivity to light, headache",126.0,122.0,217.0,Family history of migraine,Migraine,18-30
P102850,26.0,Male,"fatigue, shortness of breath",135.0,112.0,270.0,Heart disease,Heart Disease,18-30
P102851,37.0,Female,"shortness of breath, fatigue, dizziness, chest pain",135.0,90.0,258.0,Hypertension,Heart Disease,31-45
P102852,45.0,Female,"fever, sore throat",148.0,65.0,176.0,Unknown,Flu,31-45
P102853,76.0,Male,"abdominal pain, vomiting, fever, nausea",97.0,127.0,197.0,Unknown,Gastroenteritis,76+
P102854,55.0,Male,"shortness of breath, chest pain",152.0,131.0,297.0,High cholesterol,Heart Disease,46-60
P102855,30.0,Female,"headache, sensitivity to light",104.0,100.0,166.0,Unknown,Migraine,18-30
P102856,34.0,Male,Unknown,108.0,108.0,157.0,Unknown,Healthy,31-45
P102857,69.0,Male,"shortness of breath, cough, fever",121.0,128.0,183.0,Asthma,Pneumonia,61-75
P102858,65.0,Female,"fatigue, body ache",111.0,110.0,184.0,Unknown,Flu,61-75
P102859,46.0,Female,"nausea, dizziness, headache, sensitivity to light",125.0,94.0,195.0,Migraine,Migraine,46-60
P102860,38.0,Female,"body ache, cough",90.0,90.0,212.0,Seasonal flu,Flu,31-45
P102861,65.0,Male,"fatigue, fever, sore throat, body ache",120.0,115.0,205.0,Unknown,Flu,61-75
P102862,29.0,Male,"body ache, sore throat",117.0,128.0,188.0,Seasonal flu,Flu,18-30
P102863,53.0,Male,"chest pain, shortness of breath",128.0,116.0,263.0,Family history of heart disease,Heart Disease,46-60
P102864,85.0,Female,"blurred vision, increased thirst",160.0,214.0,248.0,Family history of diabetes,Diabetes,76+
P102865,49.0,Male,"sore throat, cough, body ache",113.0,110.0,150.0,Unknown,Flu,46-60
P102866,33.0,Male,"fatigue, frequent urination, increased thirst",127.0,177.0,248.0,Unknown,Diabetes,31-45
P102867,53.0,Male,"sore throat, body ache, fatigue, cough",114.0,156.0,172.0,Seasonal flu,Flu,46-60
P102868,38.0,Female,"cough, body ache, fatigue",119.0,136.0,178.0,Seasonal flu,Flu,31-45
P102869,22.0,Female,Unknown,130.0,123.0,182.0,Unknown,Healthy,18-30
P102870,58.0,Female,"increased thirst, frequent urination",169.0,158.0,226.0,Unknown,Diabetes,46-60
P102871,65.0,Male,"shortness of breath, chest pain, cough",140.0,156.0,209.0,Unknown,Pneumonia,61-75
P102872,41.0,Female,"fever, fatigue, sore throat",136.0,98.0,193.0,Seasonal flu,Flu,31-45
P102873,40.0,Male,"frequent urination, fatigue",155.0,166.0,217.0,Family history of diabetes,Diabetes,31-45
P102874,30.0,Male,"headache, dizziness, fatigue",152.0,65.0,272.0,Hypertension,Hypertension,18-30
P102875,43.0,Male,"frequent urination, increased thirst, fatigue, blurred vision",154.0,179.0,242.0,Diabetes,Diabetes,31-45
P102876,36.0,Male,"dizziness, headache, fatigue",160.0,85.0,243.0,Unknown,Hypertension,31-45
P102877,29.0,Male,"fatigue, headache",150.0,116.0,251.0,Hypertension,Hypertension,18-30
P102878,78.0,Female,"dizziness, shortness of breath",157.0,99.0,245.0,Heart disease,Heart Disease,76+
P102879,54.0,Male,"fever, cough",97.0,143.0,244.0,Unknown,Flu,46-60
P102880,56.0,Male,"frequent urination, increased thirst",138.0,187.0,201.0,Family history of diabetes,Diabetes,46-60
P102881,61.0,Female,"fatigue, headache, dizziness",132.0,165.0,244.0,Unknown,Hypertension,61-75
P102882,59.0,Female,"frequent urination, blurred vision, fatigue, increased thirst",112.0,153.0,221.0,Diabetes,Diabetes,46-60
P102883,39.0,Male,"cough, fatigue, sore throat",123.0,134.0,181.0,Unknown,Flu,31-45
P102884,51.0,Female,"shortness of breath, chest pain",131.0,78.0,245.0,Heart disease,Heart Disease,46-60
P102885,41.0,Male,"sore throat, cough, fatigue, body ache",120.0,105.0,171.0,Unknown,Flu,31-45
P102886,53.0,Male,"dizziness, headache, fatigue",154.0,99.0,268.0,Unknown,Hypertension,46-60
P102887,52.0,Female,"blurred vision, fatigue, increased thirst",136.0,164.0,197.0,Unknown,Diabetes,46-60
P102888,39.0,Female,Unknown,102.0,79.0,200.0,Unknown,Healthy,31-45
P102889,23.0,Male,"increased thirst, frequent urination",141.0,146.0,236.0,Unknown,Diabetes,18-30
P102890,48.0,Male,"fatigue, increased thirst, blurred vision, frequent urination",131.0,145.0,216.0,Diabetes,Diabetes,46-60
P102891,43.0,Male,"frequent urination, blurred vision, increased thirst",138.0,162.0,237.0,Unknown,Diabetes,31-45
P102892,18.0,Male,Unknown,94.0,88.0,169.0,Unknown,Healthy,18-30
P102893,55.0,Female,"shortness of breath, fever, cough, chest pain",125.0,131.0,169.0,Previous respiratory infection,Pneumonia,46-60
P102894,62.0,Female,"chest pain, cough, shortness of breath",144.0,114.0,170.0,Unknown,Pneumonia,61-75
P102895,85.0,Female,Unknown,137.0,128.0,202.0,Unknown,Healthy,76+
P102896,39.0,Male,"blurred vision, fatigue",120.0,138.0,238.0,Diabetes,Diabetes,31-45
P102897,37.0,Female,Unknown,107.0,80.0,182.0,Unknown,Healthy,31-45
P102898,27.0,Male,"fatigue, headache",129.0,122.0,225.0,Unknown,Hypertension,18-30
P102899,50.0,Male,"fever, shortness of breath, chest pain, cough",118.0,112.0,189.0,Asthma,Pneumonia,46-60
P102900,49.0,Male,"sore throat, body ache",102.0,83.0,183.0,Seasonal flu,Flu,46-60
P102901,32.0,Male,"shortness of breath, dizziness, chest pain, fatigue",142.0,133.0,210.0,Hypertension,Heart Disease,31-45
P102902,43.0,Female,Unknown,125.0,80.0,179.0,Unknown,Healthy,31-45
P102903,18.0,Female,"blurred vision, frequent urination",116.0,148.0,232.0,Unknown,Diabetes,18-30
P102904,62.0,Female,Unknown,118.0,107.0,183.0,Unknown,Healthy,61-75
P102905,33.0,Female,"shortness of breath, dizziness, chest pain",141.0,113.0,295.0,Heart disease,Heart Disease,31-45
P102906,45.0,Female,"cough, fever, chest pain, shortness of breath",141.0,91.0,169.0,Unknown,Pneumonia,31-45
P102907,22.0,Female,Unknown,103.0,74.0,158.0,Unknown,Healthy,18-30
P102908,36.0,Female,"frequent urination, increased thirst",122.0,146.0,226.0,Diabetes,Diabetes,31-45
P102909,41.0,Female,Unknown,103.0,82.0,183.0,Unknown,Healthy,31-45
P102910,46.0,Female,"fever, body ache, fatigue",105.0,125.0,145.0,Seasonal flu,Flu,46-60
P102911,54.0,Male,"sensitivity to light, nausea",133.0,107.0,211.0,Unknown,Migraine,46-60
P102912,70.0,Female,"frequent urination, blurred vision, increased thirst",135.0,199.0,236.0,Unknown,Diabetes,61-75
P102913,58.0,Male,"cough, fever, body ache, sore throat",124.0,116.0,142.0,Seasonal flu,Flu,46-60
P102914,62.0,Male,"sensitivity to light, nausea, headache, dizziness",145.0,90.0,196.0,Unknown,Migraine,61-75
P102915,71.0,Female,"fever, sore throat, body ache, cough",144.0,71.0,176.0,Seasonal flu,Flu,61-75
P102916,56.0,Male,"headache, dizziness, fatigue",130.0,93.0,229.0,Unknown,Hypertension,46-60
P102917,45.0,Male,"fatigue, headache, dizziness",160.0,96.0,206.0,Unknown,Hypertension,31-45
P102918,63.0,Male,Unknown,122.0,108.0,192.0,Unknown,Healthy,61-75
P102919,64.0,Male,"blurred vision, increased thirst",129.0,198.0,271.0,Unknown,Diabetes,61-75
P102920,57.0,Female,"nausea, sensitivity to light, dizziness",131.0,123.0,204.0,Migraine,Migraine,46-60
P102921,21.0,Female,Unknown,90.0,135.0,121.0,Unknown,Healthy,18-30
P102922,32.0,Male,"fatigue, blurred vision",150.0,152.0,229.0,Family history of diabetes,Diabetes,31-45
P102923,41.0,Female,"headache, dizziness, fatigue",157.0,145.0,233.0,Unknown,Hypertension,31-45
P102924,59.0,Female,"headache, sensitivity to light, dizziness",114.0,138.0,171.0,Migraine,Migraine,46-60
P102925,46.0,Female,"blurred vision, increased thirst, frequent urination, fatigue",124.0,167.0,234.0,Diabetes,Diabetes,46-60
P102926,65.0,Male,"cough, chest pain",106.0,118.0,218.0,Previous respiratory infection,Pneumonia,61-75
P102927,68.0,Male,"headache, dizziness, nausea",124.0,132.0,184.0,Family history of migraine,Migraine,61-75
P102928,66.0,Male,"fever, shortness of breath, chest pain, cough",123.0,107.0,158.0,Unknown,Pneumonia,61-75
P102929,66.0,Male,"shortness of breath, fatigue",131.0,118.0,211.0,Heart disease,Heart Disease,61-75
P102930,28.0,Female,"sensitivity to light, nausea",132.0,81.0,176.0,Unknown,Migraine,18-30
P102931,54.0,Male,"fever, shortness of breath, chest pain",145.0,65.0,191.0,Unknown,Pneumonia,46-60
P102932,36.0,Female,"fatigue, headache, dizziness",149.0,110.0,224.0,Family history of hypertension,Hypertension,31-45
P102933,18.0,Female,"fever, fatigue",112.0,79.0,168.0,Seasonal flu,Flu,18-30
P102934,41.0,Male,Unknown,121.0,67.0,191.0,Unknown,Healthy,31-45
P102935,69.0,Male,"fever, chest pain, shortness of breath",130.0,118.0,209.0,Unknown,Pneumonia,61-75
P102936,54.0,Female,"fatigue, fever, body ache, sore throat",107.0,71.0,197.0,Unknown,Flu,46-60
P102937,80.0,Female,"fatigue, dizziness, shortness of breath",143.0,142.0,282.0,Family history of heart disease,Heart Disease,76+
P102938,49.0,Male,"frequent urination, fatigue, blurred vision, increased thirst",129.0,184.0,210.0,Unknown,Diabetes,46-60
P102939,85.0,Female,"headache, fatigue, dizziness",162.0,112.0,220.0,Hypertension,Hypertension,76+
P102940,49.0,Female,"blurred vision, frequent urination, increased thirst, fatigue",133.0,172.0,213.0,Family history of diabetes,Diabetes,46-60
P102941,46.0,Female,Unknown,119.0,66.0,164.0,Unknown,Healthy,46-60
P102942,24.0,Male,"dizziness, fatigue",126.0,122.0,185.0,Hypertension,Hypertension,18-30
P102943,65.0,Female,"nausea, abdominal pain",131.0,106.0,179.0,Previous gastrointestinal infection,Gastroenteritis,61-75
P102944,37.0,Female,"headache, fatigue, dizziness",150.0,115.0,263.0,Family history of hypertension,Hypertension,31-45
P102945,35.0,Male,"fatigue, headache, dizziness",185.0,120.0,255.0,Family history of hypertension,Hypertension,31-45
P102946,68.0,Female,"sore throat, fatigue, body ache",120.0,93.0,207.0,Unknown,Flu,61-75
P102947,66.0,Female,"chest pain, dizziness",154.0,88.0,262.0,Heart disease,Heart Disease,61-75
P102948,65.0,Male,"vomiting, fever, abdominal pain, nausea",161.0,123.0,227.0,Previous gastrointestinal infection,Gastroenteritis,61-75
P102949,40.0,Female,Unknown,118.0,106.0,152.0,Unknown,Healthy,31-45
P102950,45.0,Female,Unknown,115.0,80.0,155.0,Unknown,Healthy,31-45
P102951,45.0,Female,"dizziness, headache, fatigue",137.0,120.0,265.0,Unknown,Hypertension,31-45
P102952,59.0,Female,"vomiting, fever, abdominal pain",142.0,128.0,191.0,Unknown,Gastroenteritis,46-60
P102953,72.0,Male,"fatigue, increased thirst, frequent urination, blurred vision",121.0,204.0,214.0,Diabetes,Diabetes,61-75
P102954,52.0,Male,Unknown,123.0,81.0,193.0,Unknown,Healthy,46-60
P102955,80.0,Male,"fatigue, cough, fever",121.0,77.0,186.0,Seasonal flu,Flu,76+
P102956,61.0,Female,"chest pain, fatigue, dizziness, shortness of breath",146.0,91.0,238.0,Family history of heart disease,Heart Disease,61-75
P102957,42.0,Male,"fatigue, headache, dizziness",131.0,103.0,217.0,Family history of hypertension,Hypertension,31-45
P102958,60.0,Female,"increased thirst, blurred vision, fatigue, frequent urination",154.0,208.0,236.0,Unknown,Diabetes,46-60
P102959,75.0,Male,"headache, dizziness",153.0,102.0,249.0,Family history of hypertension,Hypertension,61-75
P102960,80.0,Male,Unknown,105.0,88.0,221.0,Unknown,Healthy,76+
P102961,66.0,Female,"nausea, vomiting, fever",139.0,89.0,185.0,Unknown,Gastroenteritis,61-75
P102962,46.0,Female,Unknown,109.0,81.0,171.0,Unknown,Healthy,46-60
P102963,42.0,Male,"increased thirst, blurred vision, fatigue, frequent urination",136.0,171.0,259.0,Diabetes,Diabetes,31-45
P102964,56.0,Male,"shortness of breath, chest pain, fever, cough",140.0,78.0,219.0,Unknown,Pneumonia,46-60
P102965,74.0,Male,"headache, fatigue, dizziness",163.0,142.0,247.0,Family history of hypertension,Hypertension,61-75
P102966,53.0,Male,"fever, cough, body ache",92.0,100.0,154.0,Seasonal flu,Flu,46-60
P102967,54.0,Male,"dizziness, fatigue, shortness of breath, chest pain",157.0,173.0,237.0,Family history of heart disease,Heart Disease,46-60
P102968,47.0,Female,"fatigue, headache, dizziness",150.0,86.0,213.0,Family history of hypertension,Hypertension,46-60
P102969,40.0,Male,"chest pain, cough, fever",120.0,137.0,193.0,Unknown,Pneumonia,31-45
P102970,43.0,Male,"headache, fatigue",149.0,141.0,225.0,Unknown,Hypertension,31-45
P102971,48.0,Male,"body ache, sore throat, fatigue",99.0,93.0,229.0,Unknown,Flu,46-60
P102972,75.0,Male,"chest pain, shortness of breath, cough, fever",134.0,102.0,161.0,Unknown,Pneumonia,61-75
P102973,42.0,Female,"blurred vision, fatigue, increased thirst, frequent urination",112.0,151.0,197.0,Diabetes,Diabetes,31-45
P102974,47.0,Male,Unknown,112.0,72.0,184.0,Unknown,Healthy,46-60
P102975,31.0,Male,"cough, fever, fatigue, sore throat",121.0,97.0,200.0,Seasonal flu,Flu,31-45
P102976,58.0,Female,"fever, abdominal pain",135.0,101.0,129.0,Gastritis,Gastroenteritis,46-60
P102977,69.0,Female,"chest pain, fever",119.0,74.0,156.0,Asthma,Pneumonia,61-75
P102978,74.0,Female,"headache, sensitivity to light",150.0,157.0,194.0,Migraine,Migraine,61-75
P102979,46.0,Female,"nausea, dizziness, headache",138.0,94.0,228.0,Family history of migraine,Migraine,46-60
P102980,56.0,Female,Unknown,112.0,96.0,226.0,Unknown,Healthy,46-60
P102981,43.0,Female,"fever, shortness of breath, cough, chest pain",110.0,89.0,183.0,Asthma,Pneumonia,31-45
P102982,55.0,Female,"dizziness, headache",133.0,108.0,236.0,Hypertension,Hypertension,46-60
P102983,51.0,Male,"fatigue, increased thirst, frequent urination, blurred vision",137.0,166.0,206.0,Diabetes,Diabetes,46-60
P102984,47.0,Female,"fever, shortness of breath",116.0,103.0,209.0,Unknown,Pneumonia,46-60
P102985,48.0,Female,"fatigue, increased thirst, blurred vision",149.0,172.0,262.0,Unknown,Diabetes,46-60
P102986,54.0,Female,"fatigue, headache, dizziness",143.0,131.0,270.0,Unknown,Hypertension,46-60
P102987,41.0,Male,"frequent urination, fatigue",119.0,176.0,224.0,Family history of diabetes,Diabetes,31-45
P102988,42.0,Female,"body ache, fatigue, sore throat, cough",124.0,116.0,169.0,Unknown,Flu,31-45
P102989,75.0,Male,"dizziness, headache, fatigue",147.0,118.0,244.0,Hypertension,Hypertension,61-75
P102990,85.0,Female,"shortness of breath, chest pain",133.0,118.0,234.0,Previous respiratory infection,Pneumonia,76+
P102991,26.0,Male,"diarrhea, nausea",128.0,87.0,175.0,Unknown,Gastroenteritis,18-30
P102992,25.0,Female,"vomiting, abdominal pain",116.0,114.0,140.0,Unknown,Gastroenteritis,18-30
P102993,30.0,Female,"shortness of breath, dizziness, chest pain",145.0,119.0,243.0,Family history of heart disease,Heart Disease,18-30
P102994,44.0,Male,"cough, sore throat, body ache, fever",124.0,97.0,183.0,Seasonal flu,Flu,31-45
P102995,61.0,Male,"fatigue, body ache, cough, fever",100.0,101.0,149.0,Unknown,Flu,61-75
P102996,56.0,Male,"fever, body ache, fatigue",128.0,101.0,198.0,Seasonal flu,Flu,46-60
P102997,49.0,Female,"fever, chest pain",129.0,105.0,206.0,Unknown,Pneumonia,46-60
P102998,55.0,Female,"dizziness, fatigue, headache",165.0,112.0,285.0,Hypertension,Hypertension,46-60
P102999,34.0,Female,Unknown,123.0,77.0,144.0,Unknown,Healthy,31-45
P103000,42.0,Male,"increased thirst, blurred vision",129.0,188.0,242.0,Unknown,Diabetes,31-45
